[Licensing::Module] Trying to connect to existing licensing client channel...
Built from '6000.3/staging' branch; Version is '6000.3.21f1 (c02631ffc030) revision 12592689'; Using compiler version '194234433'; Build Type 'Release'
[Licensing::IpcConnector] Channel LicenseClient-Andrej doesn't exist
OS: 'Windows 11  (10.0.26200) Professional' Language: 'en' Physical Memory: 15724 MB
BatchMode: 1, IsHumanControllingUs: 0, StartBugReporterOnCrash: 0, Is64bit: 1
System  architecture: x64
Process architecture: x64
Date: 2026-09-27T19:37:01Z
[Licensing::Module] Successfully launched the LicensingClient (PId: 6296)

COMMAND LINE ARGUMENTS:
C:\Program Files\Unity\Hub\Editor\6000.3.21f1\Editor\Unity.exe
-batchmode
-nographics
-quit
-projectPath
C:\Users\Andrej\Downloads\One Lane War
-logFile
C:\Users\Andrej\Downloads\One Lane War\ImplementationEvidence\OLW-CORE-001\resume005\unity-initial-import.log
Successfully changed project path to: C:\Users\Andrej\Downloads\One Lane War
C:/Users/Andrej/Downloads/One Lane War
[UnityMemory] Configuration Parameters - Can be set up in boot.config
    "memorysetup-temp-allocator-size-nav-mesh-worker=65536"
    "memorysetup-temp-allocator-size-audio-worker=65536"
    "memorysetup-temp-allocator-size-gfx=262144"
    "memorysetup-allocator-temp-initial-block-size-main=262144"
    "memorysetup-allocator-temp-initial-block-size-worker=262144"
    "memorysetup-temp-allocator-size-background-worker=32768"
    "memorysetup-temp-allocator-size-job-worker=262144"
    "memorysetup-temp-allocator-size-preload-manager=33554432"
    "memorysetup-temp-allocator-size-gi-baking-worker=262144"
    "memorysetup-temp-allocator-size-gi-baking-worker=262144"
    "memorysetup-temp-allocator-size-gi-baking-worker=262144"
    "memorysetup-temp-allocator-size-gi-baking-worker=262144"
    "memorysetup-temp-allocator-size-gi-baking-worker=262144"
    "memorysetup-bucket-allocator-granularity=16"
    "memorysetup-bucket-allocator-bucket-count=8"
    "memorysetup-bucket-allocator-block-size=33554432"
    "memorysetup-bucket-allocator-block-count=8"
    "memorysetup-main-allocator-block-size=16777216"
    "memorysetup-thread-allocator-block-size=16777216"
    "memorysetup-gfx-main-allocator-block-size=16777216"
    "memorysetup-gfx-thread-allocator-block-size=16777216"
    "memorysetup-cache-allocator-block-size=4194304"
    "memorysetup-typetree-allocator-block-size=2097152"
    "memorysetup-profiler-bucket-allocator-granularity=16"
    "memorysetup-profiler-bucket-allocator-bucket-count=8"
    "memorysetup-profiler-bucket-allocator-block-size=33554432"
    "memorysetup-profiler-bucket-allocator-block-count=8"
    "memorysetup-profiler-allocator-block-size=16777216"
    "memorysetup-profiler-editor-allocator-block-size=1048576"
    "memorysetup-temp-allocator-size-main=16777216"
    "memorysetup-job-temp-allocator-block-size=2097152"
    "memorysetup-job-temp-allocator-block-size-background=1048576"
    "memorysetup-job-temp-allocator-reduction-small-platforms=262144"
    "memorysetup-temp-allocator-size-cloud-worker=32768"
Player connection [27340]  Target information:

Player connection [27340]  * "[IP] 192.168.1.3 [Port] 55504 [Flags] 2 [Guid] 827600190 [EditorId] 827600190 [Version] 1048832 [Id] WindowsEditor(7,Andrej) [Debug] 1 [PackageName] WindowsEditor [ProjectName] Editor" 

Player connection [27340] Host joined multi-casting on [225.0.0.222:54997]...
Player connection [27340] Host joined alternative multi-casting on [225.0.0.222:34997]...
Input System module state changed to: Initialized.
[Physics::Module] Initialized fallback backend.
[Physics::Module] Id: 0xdecafbad
[Package Manager] Connected to IPC stream "Upm-57608" after 1.0 seconds.
[Licensing::Module] Licensing is not yet initialized.
[Licensing::IpcConnector] Successfully connected to: "LicenseClient-Andrej" at "2026-09-27T19:37:07.6279371Z"
[Licensing::Client] Code 10 while verifying Licensing Client signature (process Id: 6296, path: "C:/Program Files/Unity/Hub/Editor/6000.3.21f1/Editor/Data/Resources/Licensing/Client/Unity.Licensing.Client.exe")
[Licensing::Module] LicensingClient has failed validation; ignoring
[Licensing::Client] Handshaking with LicensingClient:
  Version:                 1.18.1+9fbee8e
  Session Id:              cfeb325683724bac9412f7a25eb8c9a0
  Correlation Id:          2216e7d32c754701a4250d35ded720f0
  External correlation Id: 3906506709469377836
  Machine Id: [REDACTED]
[Licensing::Module] Successfully connected to LicensingClient on channel: "LicenseClient-Andrej" (connect: 6.57s, validation: 0.46s, handshake: 0.20s)
[Licensing::IpcConnector] Successfully connected to: "LicenseClient-Andrej-notifications" at "2026-09-27T19:37:08.2848946Z"
[Licensing::Module] Connected to LicensingClient (PId: 6296, launch time: 0.06, total connection time: 7.22s)
[Licensing::Module] Error: Access token is unavailable; failed to update
[Licensing::Client] Successfully resolved entitlement details
[Licensing::Module] License group:
  Id: F4-YJKE-ZXTP-R3H2-JWDT-XXXX
  Product: Unity Personal
  Type: ULF
  Expiration: Unlimited
[Licensing::Module] License group:
  Id: 6872858344471-UnityPersXXXX
  Product: Unity Personal
  Type: Assigned
  Expiration: Unlimited
[Licensing::Client] Successfully updated license, isAsync: True, time: 0.02
[Licensing::Client] Successfully resolved entitlement details
[Licensing::Module] License group:
  Id: F4-YJKE-ZXTP-R3H2-JWDT-XXXX
  Product: Unity Personal
  Type: ULF
  Expiration: Unlimited
[Licensing::Module] License group:
  Id: 6872858344471-UnityPersXXXX
  Product: Unity Personal
  Type: Assigned
  Expiration: Unlimited
[Licensing::Module] Licensing Background thread has ended after 7.36s
[Licensing::Module] Licensing is initialized (took 3.20s).
[Licensing::Client] Successfully resolved entitlement details
[Licensing::Module] License group:
  Id: F4-YJKE-ZXTP-R3H2-JWDT-XXXX
  Product: Unity Personal
  Type: ULF
  Expiration: Unlimited
[Licensing::Module] License group:
  Id: 6872858344471-UnityPersXXXX
  Product: Unity Personal
  Type: Assigned
  Expiration: Unlimited
Library Redirect Path: Library/
Rebuilding Library because the asset database could not be found!
[Physics::Module] Selected backend.
[Physics::Module] Name: PhysX
[Physics::Module] Id: 0xf2b8ea05
[Physics::Module] SDK Version: 4.1.2
[Physics::Module] Integration Version: 1.0.0
[Physics::Module] Threading Mode: Multi-Threaded
Refreshing native plugins compatible for Editor in 0.00 ms, found 0 plugins.
Preloading 0 native plugins for Editor in 0.00 ms.
Initialize engine version: 6000.3.21f1 (c02631ffc030)
[Subsystems] Discovering subsystems at path C:/Program Files/Unity/Hub/Editor/6000.3.21f1/Editor/Data/Resources/UnitySubsystems
[Subsystems] Discovering subsystems at path C:/Users/Andrej/Downloads/One Lane War/Assets
Forcing GfxDevice: Null
GfxDevice: creating device client; kGfxThreadingModeNonThreaded
NullGfxDevice:
    Version:  NULL 1.0 [1.0]
    Renderer: Null Device
    Vendor:   Unity Technologies
Initialize mono
Mono path[0] = 'C:/Program Files/Unity/Hub/Editor/6000.3.21f1/Editor/Data/Managed'
Mono path[1] = 'C:/Program Files/Unity/Hub/Editor/6000.3.21f1/Editor/Data/MonoBleedingEdge/lib/mono/unityjit-win32'
Mono config path = 'C:/Program Files/Unity/Hub/Editor/6000.3.21f1/Editor/Data/MonoBleedingEdge/etc'
Using monoOptions --debugger-agent=transport=dt_socket,embedding=1,server=y,suspend=n,address=127.0.0.1:56608
Using cacheserver namespaces - metadata:defaultmetadata, artifacts:defaultartifacts
Using cacheserver namespaces - metadata:defaultmetadata, artifacts:defaultartifacts
ImportWorker Server TCP listen port: 0
AcceleratorClientConnectionCallback - disconnected - :0
Begin MonoManager ReloadAssembly
Registering precompiled unity dll's ...
Register platform support module: C:/Program Files/Unity/Hub/Editor/6000.3.21f1/Editor/Data/PlaybackEngines/WindowsStandaloneSupport/UnityEditor.WindowsStandalone.Extensions.dll
Registered in 0.433848 seconds.
- Loaded All Assemblies, in 18.256 seconds
Native extension for WindowsStandalone target not found
Package Manager log level set to [2]
ScheduleIndexationOnStartup MainProcess:False IndexOnStartup:False
Mono: successfully reloaded assembly
- Finished resetting the current domain, in  0.784 seconds
Domain Reload Profiling: 19031ms
	BeginReloadAssembly (14957ms)
		ExecutionOrderSort (0ms)
		DisableScriptedObjects (0ms)
		BackupInstance (0ms)
		ReleaseScriptingObjects (0ms)
		CreateAndSetChildDomain (25ms)
	RebuildCommonClasses (748ms)
	RebuildNativeTypeToScriptingClass (22ms)
	initialDomainReloadingComplete (545ms)
	LoadAllAssembliesAndSetupDomain (1974ms)
		LoadAssemblies (14921ms)
		RebuildTransferFunctionScriptingTraits (0ms)
		AnalyzeDomain (1965ms)
			TypeCache.Refresh (1959ms)
				TypeCache.ScanAssembly (1510ms)
			BuildScriptInfoCaches (1ms)
			ResolveRequiredComponents (3ms)
	FinalizeReload (786ms)
		ReleaseScriptCaches (0ms)
		RebuildScriptCaches (0ms)
		SetupLoadedEditorAssemblies (706ms)
			LogAssemblyErrors (0ms)
			InitializePlatformSupportModulesInManaged (77ms)
			SetLoadedEditorAssemblies (6ms)
			BeforeProcessingInitializeOnLoad (133ms)
			ProcessInitializeOnLoadAttributes (260ms)
			ProcessInitializeOnLoadMethodAttributes (228ms)
			AfterProcessingInitializeOnLoad (0ms)
			EditorAssembliesLoaded (1ms)
		ExecutionOrderSort2 (0ms)
		AwakeInstancesAfterBackupRestoration (0ms)
[Licensing::Client] Successfully resolved entitlement details
[Licensing::Module] License group:
  Id: F4-YJKE-ZXTP-R3H2-JWDT-XXXX
  Product: Unity Personal
  Type: ULF
  Expiration: Unlimited
[Licensing::Module] License group:
  Id: 6872858344471-UnityPersXXXX
  Product: Unity Personal
  Type: Assigned
  Expiration: Unlimited
Application.AssetDatabase Initial Refresh Start
[Package Manager] Done resolving packages in 22.48 seconds
[Licensing::Client] Successfully resolved entitlement details
[Package Manager] Lock file was created
[Package Manager] Registered 14 packages:
  Packages from [https://packages.unity.com]:
    com.unity.inputsystem@1.20.0 (location: C:\Users\Andrej\Downloads\One Lane War\Library\PackageCache\com.unity.inputsystem@7a4e1a2a8194)
    com.unity.nuget.newtonsoft-json@3.2.2 (location: C:\Users\Andrej\Downloads\One Lane War\Library\PackageCache\com.unity.nuget.newtonsoft-json@4dfd81071c64)
  Built-in packages:
    com.unity.test-framework@1.6.0 (location: C:\Users\Andrej\Downloads\One Lane War\Library\PackageCache\com.unity.test-framework@bd7f943e9647)
    com.unity.ugui@2.0.0 (location: C:\Users\Andrej\Downloads\One Lane War\Library\PackageCache\com.unity.ugui@e20f1880fa04)
    com.unity.modules.androidjni@1.0.0 (location: C:\Users\Andrej\Downloads\One Lane War\Library\PackageCache\com.unity.modules.androidjni)
    com.unity.modules.audio@1.0.0 (location: C:\Users\Andrej\Downloads\One Lane War\Library\PackageCache\com.unity.modules.audio)
    com.unity.modules.imageconversion@1.0.0 (location: C:\Users\Andrej\Downloads\One Lane War\Library\PackageCache\com.unity.modules.imageconversion)
    com.unity.modules.imgui@1.0.0 (location: C:\Users\Andrej\Downloads\One Lane War\Library\PackageCache\com.unity.modules.imgui)
    com.unity.modules.jsonserialize@1.0.0 (location: C:\Users\Andrej\Downloads\One Lane War\Library\PackageCache\com.unity.modules.jsonserialize)
    com.unity.modules.ui@1.0.0 (location: C:\Users\Andrej\Downloads\One Lane War\Library\PackageCache\com.unity.modules.ui)
    com.unity.modules.uielements@1.0.0 (location: C:\Users\Andrej\Downloads\One Lane War\Library\PackageCache\com.unity.modules.uielements)
    com.unity.modules.hierarchycore@1.0.0 (location: C:\Users\Andrej\Downloads\One Lane War\Library\PackageCache\com.unity.modules.hierarchycore)
    com.unity.modules.physics@1.0.0 (location: C:\Users\Andrej\Downloads\One Lane War\Library\PackageCache\com.unity.modules.physics)
    com.unity.ext.nunit@2.0.5 (location: C:\Users\Andrej\Downloads\One Lane War\Library\PackageCache\com.unity.ext.nunit@d8c07649098d)
[Subsystems] No new subsystems found in resolved package list.
[Package Manager] Done registering packages in 0.01 seconds
[API Updater] Processing imported assemblies took 183 ms (0/0 assembly(ies)).
Assembly Updater Post Process Assets time: 0.205995s
[ScriptCompilation] Requested script compilation because: Assembly Definition File(s) changed
[ScriptCompilation] Requested script compilation because: Assetdatabase observed changes in script compilation related files
Starting: C:\Program Files\Unity\Hub\Editor\6000.3.21f1\Editor\Data\Tools\BuildPipeline\bee_backend.exe --ipc --defer-dag-verification --dagfile="Library/Bee/1900b0aE.dag" --continue-on-failure --profile="Library/Bee/backend1.traceevents" ScriptAssemblies
WorkingDir: C:/Users/Andrej/Downloads/One Lane War
ExitCode: 4 Duration: 0s323ms
[             ] Require frontend run.  Library/Bee/1900b0aE.dag couldn't be loaded
Starting: C:\Program Files\Unity\Hub\Editor\6000.3.21f1\Editor\Data\netcorerun\netcorerun.exe "C:\Program Files\Unity\Hub\Editor\6000.3.21f1\Editor\Data\Tools\BuildPipeline\ScriptCompilationBuildProgram.exe" "Library/Bee/1900b0aE.dag.json" "Library/Bee/1900b0aE-inputdata.json" "Library\Bee\buildprogram0.traceevents"
WorkingDir: C:/Users/Andrej/Downloads/One Lane War
DisplayProgressbar: Compiling Scripts
ExitCode: 0 Duration: 3s90ms
Starting: C:\Program Files\Unity\Hub\Editor\6000.3.21f1\Editor\Data\Tools\BuildPipeline\bee_backend.exe --ipc --defer-dag-verification --dagfile="Library/Bee/1900b0aE.dag" --continue-on-failure --dagfilejson="Library\Bee\1900b0aE.dag.json" --profile="Library/Bee/backend2.traceevents" ScriptAssemblies
WorkingDir: C:/Users/Andrej/Downloads/One Lane War
ExitCode: 0 Duration: 21s
Finished compiling graph: 270 nodes, 2388 flattened edges (2230 ToBuild, 30 ToUse), maximum node priority 119
[  1/267    0s] MovedFromExtractor Library/Bee/artifacts/mvdfrm/UnityEngine.SpriteMaskModule.dll_D017F7B2C5ABEF8D.mvfrm
[  2/267    0s] MovedFromExtractor Library/Bee/artifacts/mvdfrm/UnityEngine.RenderAs2DModule.dll_555E86E6F6820886.mvfrm
[  3/267    0s] MovedFromExtractor Library/Bee/artifacts/mvdfrm/UnityEngine.PhysicsBackendPhysXModule.dll_B9D01A26DB70EB01.mvfrm
[  4/267    0s] MovedFromExtractor Library/Bee/artifacts/mvdfrm/UnityEngine.ShaderVariantAnalyticsModule.dll_A33DCB341258A222.mvfrm
[  5/267    0s] MovedFromExtractor Library/Bee/artifacts/mvdfrm/UnityEngine.ShaderRuntimeModule.dll_065E1D6A020EC3AB.mvfrm
[  6/267    0s] MovedFromExtractor Library/Bee/artifacts/mvdfrm/UnityEngine.RuntimeInitializeOnLoadManagerInitializerModule.dll_52E3F004F5F9C4BA.mvfrm
[  7/267    0s] MovedFromExtractor Library/Bee/artifacts/mvdfrm/UnityEngine.SpriteShapeModule.dll_02D2A7CDA3B96D14.mvfrm
[  8/267    0s] MovedFromExtractor Library/Bee/artifacts/mvdfrm/UnityEngine.PropertiesModule.dll_1426C4611727BE4F.mvfrm
[  9/267    0s] MovedFromExtractor Library/Bee/artifacts/mvdfrm/UnityEngine.PerformanceReportingModule.dll_5CB51CCB10161FFA.mvfrm
[ 10/267    0s] MovedFromExtractor Library/Bee/artifacts/mvdfrm/UnityEngine.PhysicsModule.dll_C4D5327EC276C4DF.mvfrm
[ 11/267    0s] MovedFromExtractor Library/Bee/artifacts/mvdfrm/UnityEngine.SharedInternalsModule.dll_19A256F6C51D6679.mvfrm
[ 12/267    0s] MovedFromExtractor Library/Bee/artifacts/mvdfrm/UnityEngine.StreamingModule.dll_5E6CE03A8805B19A.mvfrm
[ 13/267    0s] MovedFromExtractor Library/Bee/artifacts/mvdfrm/UnityEngine.LocalizationModule.dll_7360D70B48EB2185.mvfrm
[ 14/267    0s] MovedFromExtractor Library/Bee/artifacts/mvdfrm/UnityEngine.MarshallingModule.dll_91DA1907D23F625C.mvfrm
[ 15/267    0s] MovedFromExtractor Library/Bee/artifacts/mvdfrm/UnityEngine.InputForUIModule.dll_E99DDF3C045CF6CF.mvfrm
[ 16/267    0s] MovedFromExtractor Library/Bee/artifacts/mvdfrm/UnityEngine.MultiplayerModule.dll_691996FFA6DEC282.mvfrm
[ 17/267    0s] MovedFromExtractor Library/Bee/artifacts/mvdfrm/UnityEngine.IdentifiersModule.dll_C1FB0268B0900322.mvfrm
[ 18/267    0s] MovedFromExtractor Library/Bee/artifacts/mvdfrm/UnityEngine.HotReloadModule.dll_2B20B0F013B115DE.mvfrm
[ 19/267    0s] MovedFromExtractor Library/Bee/artifacts/mvdfrm/UnityEngine.InputLegacyModule.dll_7AB695918608EAFB.mvfrm
[ 20/267    0s] MovedFromExtractor Library/Bee/artifacts/mvdfrm/UnityEngine.InputModule.dll_FA1BA294930F88F2.mvfrm
[ 21/267    0s] MovedFromExtractor Library/Bee/artifacts/mvdfrm/UnityEngine.IMGUIModule.dll_CC057A4AE308F82F.mvfrm
[ 22/267    0s] MovedFromExtractor Library/Bee/artifacts/mvdfrm/UnityEngine.JSONSerializeModule.dll_D69DFD77B146B9C0.mvfrm
[ 23/267    0s] MovedFromExtractor Library/Bee/artifacts/mvdfrm/UnityEngine.ImageConversionModule.dll_959118214DEF6B29.mvfrm
[ 24/267    0s] MovedFromExtractor Library/Bee/artifacts/mvdfrm/UnityEngine.HierarchyCoreModule.dll_EDA1111620B8B22C.mvfrm
[ 25/267    0s] MovedFromExtractor Library/Bee/artifacts/mvdfrm/UnityEngine.InsightsModule.dll_AA7832FD4E8BE497.mvfrm
[ 26/267    0s] MovedFromExtractor Library/Bee/artifacts/mvdfrm/UnityEngine.GameCenterModule.dll_E6EB8522A43C5A13.mvfrm
[ 27/267    0s] MovedFromExtractor Library/Bee/artifacts/mvdfrm/UnityEngine.GridModule.dll_DE76E235D57A2632.mvfrm
[ 28/267    0s] MovedFromExtractor Library/Bee/artifacts/mvdfrm/UnityEngine.GraphicsStateCollectionSerializerModule.dll_9860CD04098D6EDE.mvfrm
[ 29/267    0s] MovedFromExtractor Library/Bee/artifacts/mvdfrm/UnityEngine.GIModule.dll_E04F5F757F96D97E.mvfrm
[ 30/267    0s] MovedFromExtractor Library/Bee/artifacts/mvdfrm/UnityEngine.CrashReportingModule.dll_1A3E83E793E916B3.mvfrm
[ 31/267    0s] MovedFromExtractor Library/Bee/artifacts/mvdfrm/UnityEngine.ClusterRendererModule.dll_299F1A70CBCAB335.mvfrm
[ 32/267    0s] MovedFromExtractor Library/Bee/artifacts/mvdfrm/UnityEngine.ContentLoadModule.dll_8287D3B3BC99DCF7.mvfrm
[ 33/267    0s] MovedFromExtractor Library/Bee/artifacts/mvdfrm/UnityEngine.AudioModule.dll_93A5DAE41CD7644E.mvfrm
[ 34/267    0s] MovedFromExtractor Library/Bee/artifacts/mvdfrm/UnityEngine.ClusterInputModule.dll_35140CB8B16F2E8C.mvfrm
[ 35/267    0s] MovedFromExtractor Library/Bee/artifacts/mvdfrm/UnityEngine.DSPGraphModule.dll_1602CBD6366F6639.mvfrm
[ 36/267    0s] MovedFromExtractor Library/Bee/artifacts/mvdfrm/UnityEngine.CoreModule.dll_0105C647BD25903B.mvfrm
[ 37/267    0s] MovedFromExtractor Library/Bee/artifacts/mvdfrm/UnityEngine.AndroidJNIModule.dll_BC9E3B07DDFB6922.mvfrm
[ 38/267    0s] MovedFromExtractor Library/Bee/artifacts/mvdfrm/UnityEditor.VideoModule.dll_F282A2EAADEC4F4E.mvfrm
[ 39/267    0s] MovedFromExtractor Library/Bee/artifacts/mvdfrm/UnityEditor.dll_297131A186A57785.mvfrm
[ 40/267    0s] MovedFromExtractor Library/Bee/artifacts/mvdfrm/UnityEditor.XRModule.dll_8AA90C8FFFA6961B.mvfrm
[ 41/267    0s] MovedFromExtractor Library/Bee/artifacts/mvdfrm/UnityEngine.ARModule.dll_0185DB6B4105502D.mvfrm
[ 42/267    0s] MovedFromExtractor Library/Bee/artifacts/mvdfrm/UnityEditor.VectorGraphicsModule.dll_4973A1CD7814847F.mvfrm
[ 43/267    0s] MovedFromExtractor Library/Bee/artifacts/mvdfrm/UnityEditor.UIToolkitAuthoringModule.dll_8B8B4DA3D536084E.mvfrm
[ 44/267    0s] MovedFromExtractor Library/Bee/artifacts/mvdfrm/UnityEditor.UmbraModule.dll_484DCA987880DF1C.mvfrm
[ 45/267    0s] MovedFromExtractor Library/Bee/artifacts/mvdfrm/UnityEditor.VFXModule.dll_C7C0D871A29FA15B.mvfrm
[ 46/267    0s] MovedFromExtractor Library/Bee/artifacts/mvdfrm/UnityEditor.UnityConnectModule.dll_B57797A2FFE75BC6.mvfrm
[ 47/267    0s] MovedFromExtractor Library/Bee/artifacts/mvdfrm/UnityEditor.UIElementsSamplesModule.dll_9EE5CBD8558FCFE1.mvfrm
[ 48/267    0s] MovedFromExtractor Library/Bee/artifacts/mvdfrm/UnityEditor.UIElementsModule.dll_3E55523494DBFA4C.mvfrm
[ 49/267    0s] MovedFromExtractor Library/Bee/artifacts/mvdfrm/UnityEditor.UIBuilderModule.dll_2FDB23DDD0D99EEA.mvfrm
[ 50/267    0s] MovedFromExtractor Library/Bee/artifacts/mvdfrm/UnityEditor.TreeModule.dll_3B90E8039CE5BA4F.mvfrm
[ 51/267    0s] MovedFromExtractor Library/Bee/artifacts/mvdfrm/UnityEditor.UIAutomationModule.dll_6ADE791D77773F6C.mvfrm
[ 52/267    0s] MovedFromExtractor Library/Bee/artifacts/mvdfrm/UnityEditor.TextCoreFontEngineModule.dll_5834B916B6AF848E.mvfrm
[ 53/267    0s] MovedFromExtractor Library/Bee/artifacts/mvdfrm/UnityEditor.TextRenderingModule.dll_8D842AE003F1E2F2.mvfrm
[ 54/267    0s] MovedFromExtractor Library/Bee/artifacts/mvdfrm/UnityEditor.TextCoreTextEngineModule.dll_A01CEF8846333DAC.mvfrm
[ 55/267    0s] MovedFromExtractor Library/Bee/artifacts/mvdfrm/UnityEditor.TilemapModule.dll_8B9D5CC44AE30791.mvfrm
[ 56/267    0s] MovedFromExtractor Library/Bee/artifacts/mvdfrm/UnityEditor.TerrainModule.dll_ECA0F54333262688.mvfrm
[ 57/267    0s] MovedFromExtractor Library/Bee/artifacts/mvdfrm/UnityEditor.SpriteMaskModule.dll_CF698A6AC367D642.mvfrm
[ 58/267    0s] MovedFromExtractor Library/Bee/artifacts/mvdfrm/UnityEditor.SpriteShapeModule.dll_FD0CD83E917F5C8F.mvfrm
[ 59/267    0s] MovedFromExtractor Library/Bee/artifacts/mvdfrm/UnityEditor.SubstanceModule.dll_8532039AEDD8FDC3.mvfrm
[ 60/267    0s] MovedFromExtractor Library/Bee/artifacts/mvdfrm/UnityEditor.SketchUpModule.dll_FDAF8D3C8B7559A8.mvfrm
[ 61/267    0s] MovedFromExtractor Library/Bee/artifacts/mvdfrm/UnityEditor.ShaderFoundryModule.dll_82C0D8E7D444AE27.mvfrm
[ 62/267    0s] MovedFromExtractor Library/Bee/artifacts/mvdfrm/UnityEditor.ShaderCompilationModule.dll_AAB42E503893C4B1.mvfrm
[ 63/267    0s] MovedFromExtractor Library/Bee/artifacts/mvdfrm/UnityEditor.ShaderBuildSettingsModule.dll_2752E48C906E867F.mvfrm
[ 64/267    0s] MovedFromExtractor Library/Bee/artifacts/mvdfrm/UnityEditor.SafeModeModule.dll_159AA7EC4043BD91.mvfrm
[ 65/267    0s] MovedFromExtractor Library/Bee/artifacts/mvdfrm/UnityEditor.SceneViewModule.dll_1A0259C95343F2C4.mvfrm
[ 66/267    0s] MovedFromExtractor Library/Bee/artifacts/mvdfrm/UnityEditor.QuickSearchModule.dll_A58847818BB08018.mvfrm
[ 67/267    0s] MovedFromExtractor Library/Bee/artifacts/mvdfrm/UnityEditor.SceneTemplateModule.dll_43E108A4B1953199.mvfrm
[ 68/267    0s] MovedFromExtractor Library/Bee/artifacts/mvdfrm/UnityEditor.PropertiesModule.dll_1378571914E3A504.mvfrm
[ 69/267    0s] MovedFromExtractor Library/Bee/artifacts/mvdfrm/UnityEditor.PlayModeModule.dll_5B8E99A5DF0CCCF8.mvfrm
[ 70/267    0s] MovedFromExtractor Library/Bee/artifacts/mvdfrm/UnityEditor.PhysicsModule.dll_D25A79D45D67DD9A.mvfrm
[ 71/267    0s] MovedFromExtractor Library/Bee/artifacts/mvdfrm/UnityEditor.PresetsUIModule.dll_96B8AFA360797DBB.mvfrm
[ 72/267    0s] MovedFromExtractor Library/Bee/artifacts/mvdfrm/UnityEditor.Physics2DModule.dll_4097F1F1F3FB400C.mvfrm
[ 73/267    0s] MovedFromExtractor Library/Bee/artifacts/mvdfrm/UnityEditor.MultiplayerModule.dll_6353C77094A4B1FD.mvfrm
[ 74/267    0s] MovedFromExtractor Library/Bee/artifacts/mvdfrm/UnityEngine.UnityAnalyticsCommonModule.dll_F7F3DA0F29FEBE58.mvfrm
[ 75/267    0s] MovedFromExtractor Library/Bee/artifacts/mvdfrm/UnityEditor.GraphViewModule.dll_DB5276C15E2125B6.mvfrm
[ 76/267    0s] MovedFromExtractor Library/Bee/artifacts/mvdfrm/UnityEditor.MediaModule.dll_9939381169A6BC37.mvfrm
[ 77/267    0s] MovedFromExtractor Library/Bee/artifacts/mvdfrm/UnityEditor.GraphicsStateCollectionSerializerModule.dll_8F6D00143C8E2579.mvfrm
[ 78/267    0s] MovedFromExtractor Library/Bee/artifacts/mvdfrm/UnityEditor.GridModule.dll_BB560EE32D74BB07.mvfrm
[ 79/267    0s] MovedFromExtractor Library/Bee/artifacts/mvdfrm/UnityEditor.HierarchyModule.dll_C8C67D9D1C006478.mvfrm
[ 80/267    0s] MovedFromExtractor Library/Bee/artifacts/mvdfrm/UnityEditor.GridAndSnapModule.dll_2431ACF5B63E40AE.mvfrm
[ 81/267    0s] MovedFromExtractor Library/Bee/artifacts/mvdfrm/UnityEditor.GIModule.dll_A1E0CDE61419A5B3.mvfrm
[ 82/267    0s] MovedFromExtractor Library/Bee/artifacts/mvdfrm/UnityEditor.DiagnosticsModule.dll_1A78C67432D983BF.mvfrm
[ 83/267    0s] MovedFromExtractor Library/Bee/artifacts/mvdfrm/UnityEditor.EmbreeModule.dll_B67646F3D328CF59.mvfrm
[ 84/267    0s] MovedFromExtractor Library/Bee/artifacts/mvdfrm/UnityEditor.EditorToolbarModule.dll_204197E6B2A88761.mvfrm
[ 85/267    0s] MovedFromExtractor Library/Bee/artifacts/mvdfrm/UnityEditor.AssetComplianceModule.dll_5CCD67EDD6CB89DE.mvfrm
[ 86/267    0s] MovedFromExtractor Library/Bee/artifacts/mvdfrm/UnityEditor.CoreBusinessMetricsModule.dll_9F17975DE3B68437.mvfrm
[ 87/267    0s] MovedFromExtractor Library/Bee/artifacts/mvdfrm/UnityEditor.ClothModule.dll_34617B7AC577128D.mvfrm
[ 88/267    0s] MovedFromExtractor Library/Bee/artifacts/mvdfrm/UnityEditor.DeviceSimulatorModule.dll_23F257FF5C0FA5B1.mvfrm
[ 89/267    0s] MovedFromExtractor Library/Bee/artifacts/mvdfrm/UnityEditor.BuildProfileModule.dll_BA3D8A2CDB0376AC.mvfrm
[ 90/267    0s] MovedFromExtractor Library/Bee/artifacts/mvdfrm/UnityEditor.CoreModule.dll_DDE4F2F515202510.mvfrm
[ 91/267    0s] MovedFromExtractor Library/Bee/artifacts/mvdfrm/UnityEditor.AccessibilityModule.dll_EA4582143912D611.mvfrm
[ 92/267    0s] MovedFromExtractor Library/Bee/artifacts/mvdfrm/UnityEditor.AdaptivePerformanceModule.dll_1F2C9DE3BD6F553D.mvfrm
[ 93/267    0s] MovedFromExtractor Library/Bee/artifacts/mvdfrm/UnityEngine.dll_5C157879E519046A.mvfrm
[ 94/267    0s] MovedFromExtractor Library/Bee/artifacts/mvdfrm/UnityEngine.VFXModule.dll_D3E27AC5124FAF60.mvfrm
[ 95/267    0s] MovedFromExtractor Library/Bee/artifacts/mvdfrm/UnityEngine.UnityConsentModule.dll_747CB2DE0779F2C1.mvfrm
[ 96/267    0s] WriteText Library/Bee/artifacts/1900b0aE.dag/UnityEngine.TestRunner.UnityAdditionalFile.txt
[ 97/267    0s] WriteText Library/Bee/artifacts/1900b0aE.dag/UnityEngine.TestRunner.rsp2
[ 98/267    0s] WriteText Library/Bee/artifacts/1900b0aE.dag/UnityEngine.TestRunner.dll.mvfrm.rsp
[ 99/267    0s] WriteText Library/Bee/artifacts/1900b0aE.dag/UnityEngine.TestRunner.rsp
[100/267    0s] MovedFromExtractor Library/Bee/artifacts/mvdfrm/UnityEngine.VirtualTexturingModule.dll_305F9EA6A9498F19.mvfrm
[101/267    0s] WriteText Library/Bee/artifacts/1900b0aE.dag/UnityEngine.UI.rsp2
[102/267    0s] WriteText Library/Bee/artifacts/1900b0aE.dag/UnityEngine.UI.UnityAdditionalFile.txt
[103/267    0s] MovedFromExtractor Library/Bee/artifacts/mvdfrm/UnityEngine.UnityCurlModule.dll_DCF4941BA891EC49.mvfrm
[104/267    0s] WriteText Library/Bee/artifacts/1900b0aE.dag/UnityEngine.UI.dll.mvfrm.rsp
[105/267    0s] WriteText Library/Bee/artifacts/1900b0aE.dag/UnityEditor.TestRunner.UnityAdditionalFile.txt
[106/267    0s] WriteText Library/Bee/artifacts/1900b0aE.dag/UnityEditor.TestRunner.rsp2
[107/267    0s] MovedFromExtractor Library/Bee/artifacts/mvdfrm/UnityEngine.UIModule.dll_4386B495402EF710.mvfrm
[108/267    0s] MovedFromExtractor Library/Bee/artifacts/mvdfrm/UnityEditor.QuickInstallModule.dll_991CD86C1C89E4DF.mvfrm
[109/267    0s] MovedFromExtractor Library/Bee/artifacts/mvdfrm/UnityEngine.TextRenderingModule.dll_19C51D077CEA6617.mvfrm
[110/267    0s] MovedFromExtractor Library/Bee/artifacts/mvdfrm/UnityEngine.UnityConnectModule.dll_A2D71BB1FA6F5C71.mvfrm
[111/267    0s] MovedFromExtractor Library/Bee/artifacts/mvdfrm/UnityEngine.UIElementsModule.dll_3F03BF7C97201397.mvfrm
[112/267    0s] MovedFromExtractor Library/Bee/artifacts/mvdfrm/UnityEngine.TextCoreTextEngineModule.dll_1E7C6ADB5930FC77.mvfrm
[113/267    0s] MovedFromExtractor Library/Bee/artifacts/mvdfrm/UnityEngine.TextCoreFontEngineModule.dll_D6943469C9AD4359.mvfrm
[114/267    0s] MovedFromExtractor Library/Bee/artifacts/mvdfrm/UnityEditor.Graphs.dll_7236269B09219F42.mvfrm
[115/267    0s] MovedFromExtractor Library/Bee/artifacts/mvdfrm/UnityEditor.WindowsStandalone.Extensions.dll_5A982575EA622D90.mvfrm
[116/267    0s] MovedFromExtractor Library/Bee/artifacts/mvdfrm/UnityEngine.SubstanceModule.dll_3B17F483D358AFA8.mvfrm
[117/267    0s] MovedFromExtractor Library/Bee/artifacts/mvdfrm/UnityEngine.ClothModule.dll_FA8E37DEF6F44332.mvfrm
[118/267    0s] MovedFromExtractor Library/Bee/artifacts/mvdfrm/UnityEngine.TLSModule.dll_5303E2563BE245F3.mvfrm
[119/267    0s] MovedFromExtractor Library/Bee/artifacts/mvdfrm/UnityEngine.NVIDIAModule.dll_0E875EDB30C5EA07.mvfrm
[120/267    0s] MovedFromExtractor Library/Bee/artifacts/mvdfrm/UnityEngine.DirectorModule.dll_10B16A6CC40E9518.mvfrm
[121/267    0s] MovedFromExtractor Library/Bee/artifacts/mvdfrm/UnityEngine.SubsystemsModule.dll_3AC55E1493F3D7A0.mvfrm
[122/267    0s] MovedFromExtractor Library/Bee/artifacts/mvdfrm/UnityEngine.ScreenCaptureModule.dll_F085AAFCC5B2E622.mvfrm
[123/267    0s] MovedFromExtractor Library/Bee/artifacts/mvdfrm/UnityEngine.HierarchyModule.dll_7EAC6E860180165D.mvfrm
[124/267    0s] MovedFromExtractor Library/Bee/artifacts/mvdfrm/UnityEngine.AdaptivePerformanceModule.dll_DFBC3299F8B4A842.mvfrm
[125/267    0s] MovedFromExtractor Library/Bee/artifacts/mvdfrm/UnityEngine.ParticleSystemModule.dll_6D50CD3401FAA241.mvfrm
[126/267    0s] MovedFromExtractor Library/Bee/artifacts/mvdfrm/UnityEngine.TerrainPhysicsModule.dll_6DCB76071B3D9CCE.mvfrm
[127/267    0s] MovedFromExtractor Library/Bee/artifacts/mvdfrm/UnityEngine.TerrainModule.dll_DF1BADED98350DCD.mvfrm
[128/267    0s] MovedFromExtractor Library/Bee/artifacts/mvdfrm/UnityEngine.TilemapModule.dll_7E18156EAFF1EED6.mvfrm
[129/267    0s] MovedFromExtractor-Combine Library/Bee/artifacts/1900b0aE.dag/UnityEngine.TestRunner.dll.mvfrm
[130/267    0s] MovedFromExtractor Library/Bee/artifacts/mvdfrm/UnityEngine.UnityAnalyticsModule.dll_8CF03DFDAE21F43D.mvfrm
[131/267    0s] MovedFromExtractor Library/Bee/artifacts/mvdfrm/UnityEngine.UmbraModule.dll_0E7A86FCA9FE0FC1.mvfrm
[132/267    0s] MovedFromExtractor-Combine Library/Bee/artifacts/1900b0aE.dag/UnityEngine.UI.dll.mvfrm
[133/267    0s] MovedFromExtractor Library/Bee/artifacts/mvdfrm/UnityEngine.UnityWebRequestAssetBundleModule.dll_859021CDD1FF7CCE.mvfrm
[134/267    0s] MovedFromExtractor Library/Bee/artifacts/mvdfrm/UnityEngine.UnityWebRequestTextureModule.dll_E283AD83668C66A7.mvfrm
[135/267    0s] MovedFromExtractor Library/Bee/artifacts/mvdfrm/UnityEngine.UnityWebRequestModule.dll_A7301FCB58E405A8.mvfrm
[136/267    0s] MovedFromExtractor Library/Bee/artifacts/mvdfrm/UnityEngine.UnityWebRequestAudioModule.dll_D4B170A99680EA92.mvfrm
[137/267    0s] MovedFromExtractor Library/Bee/artifacts/mvdfrm/UnityEngine.UnityWebRequestWWWModule.dll_E93EB03748F0B8E3.mvfrm
[138/267    0s] WriteText Library/Bee/artifacts/1900b0aE.dag/UnityEngine.UI.rsp
[139/267    0s] MovedFromExtractor Library/Bee/artifacts/mvdfrm/UnityEngine.VRModule.dll_9658DB1AE1E97C88.mvfrm
[140/267    0s] MovedFromExtractor Library/Bee/artifacts/mvdfrm/UnityEngine.VehiclesModule.dll_887463EC3E3864B3.mvfrm
[141/267    0s] MovedFromExtractor Library/Bee/artifacts/mvdfrm/UnityEngine.AMDModule.dll_54741EF114B1CAA0.mvfrm
[142/267    0s] WriteText Library/Bee/artifacts/1900b0aE.dag/UnityEditor.TestRunner.dll.mvfrm.rsp
[143/267    0s] WriteText Library/Bee/artifacts/1900b0aE.dag/UnityEditor.TestRunner.rsp
[144/267    0s] WriteText Library/Bee/artifacts/1900b0aE.dag/UnityEditor.UI.UnityAdditionalFile.txt
[145/267    0s] WriteText Library/Bee/artifacts/1900b0aE.dag/UnityEditor.UI.rsp2
[146/267    0s] WriteText Library/Bee/artifacts/1900b0aE.dag/UnityEditor.UI.dll.mvfrm.rsp
[147/267    0s] WriteText Library/Bee/artifacts/1900b0aE.dag/UnityEditor.UI.rsp
[148/267    0s] WriteText Library/Bee/artifacts/1900b0aE.dag/Unity.InputSystem.rsp2
[149/267    0s] WriteText Library/Bee/artifacts/1900b0aE.dag/Unity.InputSystem.UnityAdditionalFile.txt
[150/267    0s] WriteText Library/Bee/artifacts/1900b0aE.dag/Unity.InputSystem.dll.mvfrm.rsp
[151/267    0s] WriteText Library/Bee/artifacts/1900b0aE.dag/Unity.InputSystem.rsp
[152/267    0s] WriteText Library/Bee/artifacts/1900b0aE.dag/Unity.InternalAPIEngineBridge.004.UnityAdditionalFile.txt
[153/267    0s] WriteText Library/Bee/artifacts/1900b0aE.dag/Unity.InternalAPIEngineBridge.004.rsp2
[154/267    0s] WriteText Library/Bee/artifacts/1900b0aE.dag/Unity.InternalAPIEngineBridge.004.dll.mvfrm.rsp
[155/267    0s] WriteText Library/Bee/artifacts/1900b0aE.dag/Unity.InternalAPIEngineBridge.004.rsp
[156/267    0s] WriteText Library/Bee/artifacts/1900b0aE.dag/Unity.TextMeshPro.UnityAdditionalFile.txt
[157/267    0s] MovedFromExtractor Library/Bee/artifacts/mvdfrm/UnityEngine.WindModule.dll_7754A1704E5C0EA4.mvfrm
[158/267    0s] WriteText Library/Bee/artifacts/1900b0aE.dag/Unity.TextMeshPro.rsp2
[159/267    0s] WriteText Library/Bee/artifacts/1900b0aE.dag/Unity.InputSystem.ForUI.rsp2
[160/267    0s] WriteText Library/Bee/artifacts/1900b0aE.dag/Unity.InputSystem.ForUI.UnityAdditionalFile.txt
[161/267    0s] WriteText Library/Bee/artifacts/1900b0aE.dag/Unity.TextMeshPro.dll.mvfrm.rsp
[162/267    0s] WriteText Library/Bee/artifacts/1900b0aE.dag/Unity.InputSystem.ForUI.dll.mvfrm.rsp
[163/267    0s] WriteText Library/Bee/artifacts/1900b0aE.dag/Unity.TextMeshPro.rsp
[164/267    0s] WriteText Library/Bee/artifacts/1900b0aE.dag/Unity.InputSystem.ForUI.rsp
[165/267    0s] WriteText Library/Bee/artifacts/1900b0aE.dag/OneLaneWar.Core.UnityAdditionalFile.txt
[166/267    0s] WriteText Library/Bee/artifacts/1900b0aE.dag/OneLaneWar.Core.dll.mvfrm.rsp
[167/267    0s] WriteText Library/Bee/artifacts/1900b0aE.dag/OneLaneWar.Core.rsp2
[168/267    0s] MovedFromExtractor Library/Bee/artifacts/mvdfrm/UnityEngine.XRModule.dll_C9179E1F6B23C9E6.mvfrm
[169/267    0s] WriteText Library/Bee/artifacts/1900b0aE.dag/OneLaneWar.Core.rsp
[170/267    0s] WriteText Library/Bee/artifacts/1900b0aE.dag/OneLaneWar.ModelFixtures.rsp2
[171/267    0s] WriteText Library/Bee/artifacts/1900b0aE.dag/OneLaneWar.ModelFixtures.dll.mvfrm.rsp
[172/267    0s] WriteText Library/Bee/artifacts/1900b0aE.dag/Unity.InputSystem.TestFramework.UnityAdditionalFile.txt
[173/267    0s] WriteText Library/Bee/artifacts/1900b0aE.dag/Unity.InputSystem.TestFramework.rsp2
[174/267    0s] WriteText Library/Bee/artifacts/1900b0aE.dag/Unity.InputSystem.TestFramework.dll.mvfrm.rsp
[175/267    0s] WriteText Library/Bee/artifacts/1900b0aE.dag/OneLaneWar.ModelFixtures.UnityAdditionalFile.txt
[176/267    0s] WriteText Library/Bee/artifacts/1900b0aE.dag/Unity.InputSystem.DocCodeSamples.UnityAdditionalFile.txt
[177/267    0s] WriteText Library/Bee/artifacts/1900b0aE.dag/Unity.InputSystem.DocCodeSamples.rsp2
[178/267    0s] WriteText Library/Bee/artifacts/1900b0aE.dag/Unity.InputSystem.ForUI.Editor.rsp2
[179/267    0s] WriteText Library/Bee/artifacts/1900b0aE.dag/Unity.InputSystem.ForUI.Editor.UnityAdditionalFile.txt
[180/267    0s] WriteText Library/Bee/artifacts/1900b0aE.dag/Unity.TextMeshPro.Editor.UnityAdditionalFile.txt
[181/267    0s] WriteText Library/Bee/artifacts/1900b0aE.dag/Unity.TextMeshPro.Editor.rsp2
[182/267    0s] WriteText Library/Bee/artifacts/1900b0aE.dag/Unity.TextMeshPro.Editor.dll.mvfrm.rsp
[183/267    0s] WriteText Library/Bee/artifacts/1900b0aE.dag/Unity.InputSystem.ForUI.Editor.dll.mvfrm.rsp
[184/267    0s] WriteText Library/Bee/artifacts/1900b0aE.dag/UnityEditor.UI.Analytics.rsp2
[185/267    0s] WriteText Library/Bee/artifacts/1900b0aE.dag/Unity.InputSystem.DocCodeSamples.dll.mvfrm.rsp
[186/267    0s] WriteText Library/Bee/artifacts/1900b0aE.dag/UnityEditor.UI.Analytics.dll.mvfrm.rsp
[187/267    0s] WriteText Library/Bee/artifacts/1900b0aE.dag/UnityEditor.UI.Analytics.UnityAdditionalFile.txt
[188/267    0s] WriteText Library/Bee/artifacts/1900b0aE.dag/Unity.InputSystem.TestFramework.rsp
[189/267    0s] WriteText Library/Bee/artifacts/1900b0aE.dag/OneLaneWar.ModelFixtures.rsp
[190/267    0s] WriteText Library/Bee/artifacts/1900b0aE.dag/Unity.InputSystem.DocCodeSamples.rsp
[191/267    0s] WriteText Library/Bee/artifacts/1900b0aE.dag/Unity.InputSystem.ForUI.Editor.rsp
[192/267    0s] WriteText Library/Bee/artifacts/1900b0aE.dag/Unity.TextMeshPro.Editor.rsp
[193/267    0s] WriteText Library/Bee/artifacts/1900b0aE.dag/UnityEditor.UI.Analytics.rsp
[194/267    0s] MovedFromExtractor Library/Bee/artifacts/mvdfrm/UnityEngine.AIModule.dll_48131667E3E7F164.mvfrm
[195/267    0s] MovedFromExtractor Library/Bee/artifacts/mvdfrm/UnityEngine.VideoModule.dll_B8AF5F4EDF697FF3.mvfrm
[196/267    0s] MovedFromExtractor Library/Bee/artifacts/mvdfrm/UnityEngine.AnimationModule.dll_A9D7F2EA387DFA5C.mvfrm
[197/267    0s] MovedFromExtractor Library/Bee/artifacts/mvdfrm/UnityEngine.Physics2DModule.dll_F67DE2DAD97AF1F1.mvfrm
[198/267    0s] MovedFromExtractor Library/Bee/artifacts/mvdfrm/UnityEngine.AccessibilityModule.dll_7686743BB20B5936.mvfrm
[199/267    0s] MovedFromExtractor Library/Bee/artifacts/mvdfrm/UnityEngine.VectorGraphicsModule.dll_049803689401188A.mvfrm
[200/267    0s] MovedFromExtractor Library/Bee/artifacts/mvdfrm/UnityEngine.AssetBundleModule.dll_E9717A72EE17350A.mvfrm
[201/267    0s] MovedFromExtractor-Combine Library/Bee/artifacts/1900b0aE.dag/OneLaneWar.Core.dll.mvfrm
[202/267    0s] MovedFromExtractor-Combine Library/Bee/artifacts/1900b0aE.dag/OneLaneWar.ModelFixtures.dll.mvfrm
[203/267    4s] Csc Library/Bee/artifacts/1900b0aE.dag/OneLaneWar.Core.dll (+2 others)
[204/267    0s] CopyFiles Library/ScriptAssemblies/OneLaneWar.Core.dll
[205/267    0s] CopyFiles Library/ScriptAssemblies/OneLaneWar.Core.pdb
[206/267    3s] Csc Library/Bee/artifacts/1900b0aE.dag/UnityEngine.TestRunner.dll (+2 others)
[207/267    4s] Csc Library/Bee/artifacts/1900b0aE.dag/UnityEngine.UI.dll (+2 others)
[           0s] Csc Library/Bee/artifacts/1900b0aE.dag/UnityEngine.TestRunner.dll (+2 others) [CacheWrite 00000000000000000000000000000005]
[208/267    0s] CopyFiles Library/ScriptAssemblies/UnityEngine.TestRunner.pdb
[209/267    0s] CopyFiles Library/ScriptAssemblies/UnityEngine.TestRunner.dll
[           0s] Csc Library/Bee/artifacts/1900b0aE.dag/UnityEngine.UI.dll (+2 others) [CacheWrite 00000000000000000000000000000005]
[210/267    0s] CopyFiles Library/ScriptAssemblies/UnityEngine.UI.dll
[211/267    0s] CopyFiles Library/ScriptAssemblies/UnityEngine.UI.pdb
[212/267    0s] MovedFromExtractor Library/Bee/artifacts/mvdfrm/UnityEngine.TestRunner.ref.dll_E55D0F7C63F01D9E.mvfrm
[213/267    0s] MovedFromExtractor Library/Bee/artifacts/mvdfrm/UnityEngine.UI.ref.dll_08FEAA520A2EFD60.mvfrm
[214/267    0s] Csc Library/Bee/artifacts/1900b0aE.dag/OneLaneWar.ModelFixtures.dll (+2 others)
[215/267    0s] CopyFiles Library/ScriptAssemblies/OneLaneWar.ModelFixtures.pdb
[216/267    0s] CopyFiles Library/ScriptAssemblies/OneLaneWar.ModelFixtures.dll
[217/267    0s] MovedFromExtractor-Combine Library/Bee/artifacts/1900b0aE.dag/UnityEditor.TestRunner.dll.mvfrm
[218/267    0s] Csc Library/Bee/artifacts/1900b0aE.dag/UnityEditor.TestRunner.dll (+2 others)
[           0s] Csc Library/Bee/artifacts/1900b0aE.dag/UnityEditor.TestRunner.dll (+2 others) [CacheWrite 00000000000000000000000000000005]
[219/267    0s] CopyFiles Library/ScriptAssemblies/UnityEditor.TestRunner.pdb
[220/267    0s] CopyFiles Library/ScriptAssemblies/UnityEditor.TestRunner.dll
[221/267    0s] MovedFromExtractor Library/Bee/artifacts/mvdfrm/UnityEditor.TestRunner.ref.dll_193EC4CE382CBFB3.mvfrm
[222/267    0s] MovedFromExtractor-Combine Library/Bee/artifacts/1900b0aE.dag/UnityEditor.UI.dll.mvfrm
[223/267    0s] Csc Library/Bee/artifacts/1900b0aE.dag/UnityEditor.UI.dll (+2 others)
[           0s] Csc Library/Bee/artifacts/1900b0aE.dag/UnityEditor.UI.dll (+2 others) [CacheWrite 00000000000000000000000000000005]
[224/267    0s] CopyFiles Library/ScriptAssemblies/UnityEditor.UI.pdb
[225/267    0s] CopyFiles Library/ScriptAssemblies/UnityEditor.UI.dll
[226/267    0s] MovedFromExtractor Library/Bee/artifacts/mvdfrm/UnityEditor.UI.ref.dll_4C98D3F7040CD4F5.mvfrm
[227/267    0s] MovedFromExtractor-Combine Library/Bee/artifacts/1900b0aE.dag/Unity.InputSystem.dll.mvfrm
[228/267    0s] MovedFromExtractor-Combine Library/Bee/artifacts/1900b0aE.dag/Unity.InternalAPIEngineBridge.004.dll.mvfrm
[229/267    0s] Csc Library/Bee/artifacts/1900b0aE.dag/Unity.InternalAPIEngineBridge.004.dll (+2 others)
[           0s] Csc Library/Bee/artifacts/1900b0aE.dag/Unity.InternalAPIEngineBridge.004.dll (+2 others) [CacheWrite 00000000000000000000000000000005]
[230/267    0s] CopyFiles Library/ScriptAssemblies/Unity.InternalAPIEngineBridge.004.dll
[231/267    0s] CopyFiles Library/ScriptAssemblies/Unity.InternalAPIEngineBridge.004.pdb
[232/267    0s] MovedFromExtractor Library/Bee/artifacts/mvdfrm/Unity.InternalAPIEngineBridge.004.ref.dll_9F91F1CFF2D20E26.mvfrm
[233/267    0s] MovedFromExtractor-Combine Library/Bee/artifacts/1900b0aE.dag/Unity.TextMeshPro.dll.mvfrm
[234/267    2s] Csc Library/Bee/artifacts/1900b0aE.dag/Unity.InputSystem.dll (+2 others)
[           0s] Csc Library/Bee/artifacts/1900b0aE.dag/Unity.InputSystem.dll (+2 others) [CacheWrite 00000000000000000000000000000005]
[235/267    0s] Csc Library/Bee/artifacts/1900b0aE.dag/Unity.TextMeshPro.dll (+2 others)
[236/267    0s] CopyFiles Library/ScriptAssemblies/Unity.InputSystem.pdb
[237/267    0s] CopyFiles Library/ScriptAssemblies/Unity.InputSystem.dll
[           0s] Csc Library/Bee/artifacts/1900b0aE.dag/Unity.TextMeshPro.dll (+2 others) [CacheWrite 00000000000000000000000000000005]
[238/267    0s] CopyFiles Library/ScriptAssemblies/Unity.TextMeshPro.pdb
[239/267    0s] CopyFiles Library/ScriptAssemblies/Unity.TextMeshPro.dll
[240/267    0s] MovedFromExtractor Library/Bee/artifacts/mvdfrm/Unity.InputSystem.ref.dll_FD2EC87C14EBE081.mvfrm
[241/267    0s] MovedFromExtractor Library/Bee/artifacts/mvdfrm/Unity.TextMeshPro.ref.dll_84A4293DBDD182DB.mvfrm
[242/267    0s] MovedFromExtractor-Combine Library/Bee/artifacts/1900b0aE.dag/Unity.InputSystem.ForUI.dll.mvfrm
[243/267    0s] MovedFromExtractor-Combine Library/Bee/artifacts/1900b0aE.dag/Unity.InputSystem.DocCodeSamples.dll.mvfrm
[244/267    0s] MovedFromExtractor-Combine Library/Bee/artifacts/1900b0aE.dag/Unity.InputSystem.TestFramework.dll.mvfrm
[245/267    0s] MovedFromExtractor-Combine Library/Bee/artifacts/1900b0aE.dag/Unity.TextMeshPro.Editor.dll.mvfrm
[246/267    0s] MovedFromExtractor-Combine Library/Bee/artifacts/1900b0aE.dag/UnityEditor.UI.Analytics.dll.mvfrm
[247/267    0s] Csc Library/Bee/artifacts/1900b0aE.dag/Unity.InputSystem.DocCodeSamples.dll (+2 others)
[248/267    0s] Csc Library/Bee/artifacts/1900b0aE.dag/Unity.InputSystem.ForUI.dll (+2 others)
[249/267    0s] Csc Library/Bee/artifacts/1900b0aE.dag/Unity.InputSystem.TestFramework.dll (+2 others)
[           0s] Csc Library/Bee/artifacts/1900b0aE.dag/Unity.InputSystem.ForUI.dll (+2 others) [CacheWrite 00000000000000000000000000000005]
[           0s] Csc Library/Bee/artifacts/1900b0aE.dag/Unity.InputSystem.DocCodeSamples.dll (+2 others) [CacheWrite 00000000000000000000000000000005]
[250/267    0s] CopyFiles Library/ScriptAssemblies/Unity.InputSystem.ForUI.dll
[251/267    0s] CopyFiles Library/ScriptAssemblies/Unity.InputSystem.ForUI.pdb
[252/267    0s] CopyFiles Library/ScriptAssemblies/Unity.InputSystem.DocCodeSamples.pdb
[253/267    0s] CopyFiles Library/ScriptAssemblies/Unity.InputSystem.DocCodeSamples.dll
[254/267    0s] Csc Library/Bee/artifacts/1900b0aE.dag/UnityEditor.UI.Analytics.dll (+2 others)
[           0s] Csc Library/Bee/artifacts/1900b0aE.dag/Unity.InputSystem.TestFramework.dll (+2 others) [CacheWrite 00000000000000000000000000000005]
[255/267    0s] CopyFiles Library/ScriptAssemblies/Unity.InputSystem.TestFramework.dll
[256/267    0s] CopyFiles Library/ScriptAssemblies/Unity.InputSystem.TestFramework.pdb
[           0s] Csc Library/Bee/artifacts/1900b0aE.dag/UnityEditor.UI.Analytics.dll (+2 others) [CacheWrite 00000000000000000000000000000005]
[257/267    0s] CopyFiles Library/ScriptAssemblies/UnityEditor.UI.Analytics.pdb
[258/267    0s] CopyFiles Library/ScriptAssemblies/UnityEditor.UI.Analytics.dll
[259/267    0s] Csc Library/Bee/artifacts/1900b0aE.dag/Unity.TextMeshPro.Editor.dll (+2 others)
[260/267    0s] MovedFromExtractor Library/Bee/artifacts/mvdfrm/Unity.InputSystem.ForUI.ref.dll_0478B67D1094CE70.mvfrm
[           0s] Csc Library/Bee/artifacts/1900b0aE.dag/Unity.TextMeshPro.Editor.dll (+2 others) [CacheWrite 00000000000000000000000000000005]
[261/267    0s] CopyFiles Library/ScriptAssemblies/Unity.TextMeshPro.Editor.dll
[262/267    0s] CopyFiles Library/ScriptAssemblies/Unity.TextMeshPro.Editor.pdb
[263/267    0s] MovedFromExtractor-Combine Library/Bee/artifacts/1900b0aE.dag/Unity.InputSystem.ForUI.Editor.dll.mvfrm
[264/267    0s] Csc Library/Bee/artifacts/1900b0aE.dag/Unity.InputSystem.ForUI.Editor.dll (+2 others)
[           0s] Csc Library/Bee/artifacts/1900b0aE.dag/Unity.InputSystem.ForUI.Editor.dll (+2 others) [CacheWrite 00000000000000000000000000000005]
[265/267    0s] CopyFiles Library/ScriptAssemblies/Unity.InputSystem.ForUI.Editor.pdb
[266/267    0s] CopyFiles Library/ScriptAssemblies/Unity.InputSystem.ForUI.Editor.dll
*** Tundra build success (21.17 seconds), 266 items updated, 267 evaluated
AssetDatabase: script compilation time: 27.798758s
Begin MonoManager ReloadAssembly
- Loaded All Assemblies, in  2.234 seconds
Start importing Assets using Guid(00000000000000001000000000000000) (DefaultImporter) -> (artifact id: '4b55c7cb15071bfc086d0e52a7664a41') in 0.0431402 seconds
Start importing ProjectSettings/InputManager.asset using Guid(00000000000000002000000000000000) (LibraryAssetImporter) -> (artifact id: '3d278bdfa729973ecf92c670ca181c88') in 0.0105754 seconds
Start importing ProjectSettings/TagManager.asset using Guid(00000000000000003000000000000000) (LibraryAssetImporter) -> (artifact id: '4aa03ef27a83f311e598313a3ec2fbc3') in 0.0040224 seconds
Start importing ProjectSettings/ProjectSettings.asset using Guid(00000000000000004000000000000000) (LibraryAssetImporter) -> (artifact id: 'ea04e6ca3833432a988a1971d21ecc87') in 0.0119505 seconds
Start importing ProjectSettings/AudioManager.asset using Guid(00000000000000006000000000000000) (LibraryAssetImporter) -> (artifact id: '7bb8de31f311db17f0fefe3abfd595f1') in 0.0073298 seconds
Start importing ProjectSettings/TimeManager.asset using Guid(00000000000000007000000000000000) (LibraryAssetImporter) -> (artifact id: '52c307e924e96ceef905bcc2cea85a00') in 0.0058602 seconds
Start importing ProjectSettings/DynamicsManager.asset using Guid(00000000000000008000000000000000) (LibraryAssetImporter) -> (artifact id: '913ceedd18932e74f6c2ac19d4bebe5c') in 0.0049602 seconds
Start importing ProjectSettings/QualitySettings.asset using Guid(00000000000000009000000000000000) (LibraryAssetImporter) -> (artifact id: '3d22d777d340243128ed3ffa349fb55a') in 0.006026 seconds
Start importing ProjectSettings/EditorBuildSettings.asset using Guid(0000000000000000b000000000000000) (LibraryAssetImporter) -> (artifact id: '1923232d45cb936aef47cec131f33975') in 0.0033454 seconds
Start importing ProjectSettings/EditorSettings.asset using Guid(0000000000000000c000000000000000) (LibraryAssetImporter) -> (artifact id: 'fdcca38f5f1944c9bec0b9f00395ab39') in 0.0037101 seconds
Start importing ProjectSettings/NavMeshAreas.asset using Guid(00000000000000004100000000000000) (LibraryAssetImporter) -> (artifact id: '4ba0a6bb5cc18b1619eb3b3f4ce570d1') in 0.0046855 seconds
Start importing ProjectSettings/Physics2DSettings.asset using Guid(00000000000000005100000000000000) (LibraryAssetImporter) -> (artifact id: 'bb8ce7f5b2d944741959db20200075a7') in 0.0044482 seconds
Start importing ProjectSettings/GraphicsSettings.asset using Guid(00000000000000006100000000000000) (LibraryAssetImporter) -> (artifact id: 'b7a369a9c0780e3bb2635b3b3f88ffe1') in 0.0056458 seconds
Start importing ProjectSettings/ClusterInputManager.asset using Guid(00000000000000007100000000000000) (LibraryAssetImporter) -> (artifact id: '5a028a71a6163b7bc9a46219c48662ec') in 0.0052454 seconds
Start importing ProjectSettings/UnityConnectSettings.asset using Guid(0000000000000000a100000000000000) (LibraryAssetImporter) -> (artifact id: '5a6e69f8200d884ded3f19f546ea756a') in 0.0054451 seconds
Start importing ProjectSettings/PresetManager.asset using Guid(0000000000000000b100000000000000) (LibraryAssetImporter) -> (artifact id: '669bd2cb5cdf99ef516d1350fa42393e') in 0.0052698 seconds
Start importing ProjectSettings/VFXManager.asset using Guid(0000000000000000c100000000000000) (LibraryAssetImporter) -> (artifact id: 'dd6732d958402095937fd19a0cecb735') in 0.0044703 seconds
Start importing ProjectSettings/VersionControlSettings.asset using Guid(0000000000000000d100000000000000) (LibraryAssetImporter) -> (artifact id: 'b89f810c452b248c014f182ae5caa680') in 0.0044621 seconds
Start importing ProjectSettings/MemorySettings.asset using Guid(0000000000000000f100000000000000) (LibraryAssetImporter) -> (artifact id: '19f032dc933bd79e61da5c81f7ddd1ac') in 0.0041763 seconds
Start importing ProjectSettings/MultiplayerManager.asset using Guid(00000000000000000200000000000000) (LibraryAssetImporter) -> (artifact id: 'f060d13f2990d90fc35c577bb4111c66') in 0.0044293 seconds
Start importing Library/BuildInstructions using Guid(00000000000000002300000000000000) (DefaultImporter) -> (artifact id: 'ade3aeda13ad9960ede0e143cb33502a') in 0.0009651 seconds
Start importing Packages/com.unity.modules.imgui using Guid(c060426bfd6e82575228df6656368eaa) (DefaultImporter) -> (artifact id: '7d484ab5933192f91b6a2fb9f7498a1e') in 0.0008349 seconds
Start importing Packages/com.unity.ugui using Guid(613f95849fea65b15f0a014bab7a9f93) (DefaultImporter) -> (artifact id: '1217c713edf38fb67bf15a7c50d4ad68') in 0.0008854 seconds
Start importing Packages/com.unity.test-framework using Guid(33265d99cc03f644590814fd7c9d9012) (DefaultImporter) -> (artifact id: 'bb6c38ffcf6f38ac724d9ac027ca0c21') in 0.0009753 seconds
Start importing Packages/com.unity.inputsystem using Guid(a39e9b2bb659c51bcd404be69e7ec9d4) (DefaultImporter) -> (artifact id: '610bba90755bd58e44a4d9c0c838c491') in 0.0008628 seconds
Start importing Packages/com.unity.modules.imageconversion using Guid(850c54ee0b9e1aa740b1c67792eb1f26) (DefaultImporter) -> (artifact id: '77f78b27bd9bac81a00a007ef6f28867') in 0.0007471 seconds
Start importing Packages/com.unity.nuget.newtonsoft-json using Guid(a5a20a36fab5ed4fc023d92d2ac579fb) (DefaultImporter) -> (artifact id: '8924f0c4d456c83d7fc9da5dfd1ea2cd') in 0.0007064 seconds
Start importing Packages/com.unity.modules.physics using Guid(d6db7caf2e852b75ebb9c6098418179c) (DefaultImporter) -> (artifact id: 'b562405fb5bd1c9305c356f8cfe7a672') in 0.0007293 seconds
Start importing Packages/com.unity.modules.uielements using Guid(2808ba6bccb2478ec9c7209d8bf1f3cc) (DefaultImporter) -> (artifact id: '49f971d306aab8cb20ddbc00ca94734a') in 0.0008927 seconds
Start importing Assets/OneLaneWar using Guid(786a3c9f1985f6d469381c88c80e445a) (DefaultImporter) -> (artifact id: '4c47c8ba468ecbe07c356621d7e9580f') in 0.0044986 seconds
Start importing Packages/com.unity.modules.ui using Guid(39728903e57c60021f80449a8bbc0096) (DefaultImporter) -> (artifact id: '9ba448b29b75a8a1f5c4c31201266424') in 0.0014327 seconds
Start importing Packages/com.unity.modules.androidjni using Guid(995c08a3305ff9f0dab5e86f340bd9a7) (DefaultImporter) -> (artifact id: 'cb17bea8d2250c1b95c120c742c59ba3') in 0.0009332 seconds
Start importing Packages/com.unity.ext.nunit using Guid(aa43149513e0d0ab612ac9968c8a459c) (DefaultImporter) -> (artifact id: 'ee13436749111590db54b58b9cfcf583') in 0.0011537 seconds
Start importing Packages/com.unity.modules.hierarchycore using Guid(6b81377a4453ba7362eb3322f9bcc6c6) (DefaultImporter) -> (artifact id: 'b5ba94375de312bec58cfc03230046fb') in 0.0012311 seconds
Start importing Packages/com.unity.modules.jsonserialize using Guid(fc3a810351931f5e6183e16b9beb5563) (DefaultImporter) -> (artifact id: 'ae149b8f46567b37c6b77b16bb572fe8') in 0.0009109 seconds
Start importing Packages/com.unity.modules.audio using Guid(2d6ba5cbe47e6ad3c87474c56174d4e0) (DefaultImporter) -> (artifact id: '2ad5535b0c9fde796c0a268a703c42c8') in 0.0008458 seconds
Start importing Packages/com.unity.inputsystem/DocCodeSamples.Tests using Guid(c0f26b555bfc14351a9f8ec342fd6ae8) (DefaultImporter) -> (artifact id: '108896428b26b8f66f9e2e884369a98b') in 0.0013213 seconds
Start importing Packages/com.unity.ugui/Editor Resources using Guid(d1a0a27327b54c3bac52a08929c33f81) (DefaultImporter) -> (artifact id: '89d4bdf381a63d2d738dcc151e624513') in 0.0012256 seconds
Start importing Packages/com.unity.inputsystem/Tests using Guid(f1c1e9b3951e340e48a3d2c037d6f48b) (DefaultImporter) -> (artifact id: '3ea7d62947e148c46603b1d107d03712') in 0.0010061 seconds
Start importing Packages/com.unity.inputsystem/InputSystem using Guid(f27b222630c0f4b09a77a69bead14201) (DefaultImporter) -> (artifact id: '85a808034ec5f27625135e3bd54eb352') in 0.0013003 seconds
Start importing Assets/OneLaneWar/Tests using Guid(f3ce06065ef196a4ea9b2ed16b6a5d58) (DefaultImporter) -> (artifact id: '47f7aa3312955dc06df073b9df0a0b85') in 0.0042808 seconds
Start importing Packages/com.unity.test-framework/UnityEngine.TestRunner using Guid(950890083f4907541a6ed06d70959e49) (DefaultImporter) -> (artifact id: 'b2380b0eb08023ce063c7b7396ba8e5e') in 0.0011194 seconds
Start importing Packages/com.unity.test-framework/UnityEditor.TestRunner using Guid(95cdf27b47eb82747ba9e51f41e72a35) (DefaultImporter) -> (artifact id: '77f76be7513a4e9a3b3e2eeeb0b13cad') in 0.0014036 seconds
Start importing Packages/com.unity.test-framework/Tests using Guid(b70e28337c9001e4390442151ea5542c) (DefaultImporter) -> (artifact id: '88dd20ad2c23d64332e901fda31c7692') in 0.0011392 seconds
Start importing Packages/com.unity.ugui/Tests using Guid(d850db319a63d2546932ff76fe55a498) (DefaultImporter) -> (artifact id: '87ed2bbc25b91c58b304abd09ed3aaba') in 0.0010623 seconds
Start importing Assets/OneLaneWar/Core using Guid(2a5be1a9ed6abb24ca0095a4fa026ce9) (DefaultImporter) -> (artifact id: '70262354140d3edb632a6a329df0d860') in 0.0037252 seconds
Start importing Packages/com.unity.ugui/Runtime using Guid(aa14b70e6a58c5b4fa6663623e3dca91) (DefaultImporter) -> (artifact id: 'fa7aa1d533b272bf79afdbd5404453cd') in 0.0014069 seconds
Start importing Packages/com.unity.ugui/Package Resources using Guid(5ec95f4d5b2d1f14e9ff8682562553f9) (DefaultImporter) -> (artifact id: '20161e53e484de6465e75d382f9dbde6') in 0.0013087 seconds
Start importing Packages/com.unity.ugui/Editor using Guid(bee384ad5b4d1a843a018082e7db53cd) (DefaultImporter) -> (artifact id: 'cc2ff2381a5068f9e19e880ea4d9c9b1') in 0.0011103 seconds
Start importing Packages/com.unity.nuget.newtonsoft-json/Runtime using Guid(de1c7164adaf49d47b5de31c140713c9) (DefaultImporter) -> (artifact id: '62b439fe2e630c59570dd4a18cb78d8e') in 0.0009426 seconds
Start importing Packages/com.unity.ext.nunit/net40 using Guid(af19581c6078849139e0671f575e4b7c) (DefaultImporter) -> (artifact id: '7cfa80f12945c74956f086b3610c7a51') in 0.00099 seconds
Start importing Packages/com.unity.ugui/Editor/TMP using Guid(10d1425d9e87841d9a9deafe9e93a6f2) (DefaultImporter) -> (artifact id: 'b78a297ad64c4d78728ae683af3e5658') in 0.0009934 seconds
Start importing Packages/com.unity.ext.nunit/net40/unity-custom using Guid(c0673f99c7a5d42e081a6f88c5a37862) (DefaultImporter) -> (artifact id: 'f4fcd55258eeff1a5f459a9ca176b6e0') in 0.0008317 seconds
Start importing Assets/OneLaneWar/Tests/Fixtures using Guid(01f9693cedb044e4bb0ddc21ab4126ef) (DefaultImporter) -> (artifact id: '72d2d51efd49aa09c570f05b5d1e6039') in 0.0038798 seconds
Start importing Packages/com.unity.ugui/Runtime/TMP using Guid(619aadd8f276341ca84d7ad5a9c6db21) (DefaultImporter) -> (artifact id: '5308cedcd74d43682790fc7238a9d1e2') in 0.001224 seconds
Start importing Packages/com.unity.inputsystem/InputSystem/Runtime using Guid(432210e3fbc6542d4b9770ed939fc0a7) (DefaultImporter) -> (artifact id: '7a627be638cf0b9e4e36e4424305cb0f') in 0.001123 seconds
Start importing Packages/com.unity.ugui/Tests/Editor using Guid(936bea4b2545c4a4fad2e623b0f6371f) (DefaultImporter) -> (artifact id: '75f26d3f4c8aedba3eb80398ab395bd8') in 0.001153 seconds
Start importing Packages/com.unity.test-framework/UnityEditor.TestRunner/UnityTestProtocol using Guid(936c6340f3468444ebb1785b4c311126) (DefaultImporter) -> (artifact id: '483d26fa6f42e15acd6790bf9c72ba8c') in 0.0011588 seconds
Start importing Packages/com.unity.inputsystem/Tests/TestFixture using Guid(e349610bc4b1546dd94c6dab37414d2b) (DefaultImporter) -> (artifact id: 'a460582bae2687b0603f24734715cfc5') in 0.001377 seconds
Start importing Packages/com.unity.nuget.newtonsoft-json/Runtime/AOT using Guid(14f21d7a1e53a8c4e87b25526a7eb63c) (DefaultImporter) -> (artifact id: '11b65be1037953c6858c3c8ca391f751') in 0.0016629 seconds
Start importing Packages/com.unity.test-framework/UnityEditor.TestRunner/CommandLineTest using Guid(b477d1f29b65a674e9d5cdab4eb72b01) (DefaultImporter) -> (artifact id: 'd7abe359a1b05afd93dcd5b5d76cf33e') in 0.0011417 seconds
Start importing Packages/com.unity.inputsystem/Tests/IntegrationTests using Guid(857f018a2ed885449804cf82b4fec116) (DefaultImporter) -> (artifact id: '487a34d5fd52cd00f4c4f82fbed92400') in 0.0010316 seconds
Start importing Packages/com.unity.test-framework/UnityEditor.TestRunner/TestSettings using Guid(95b719082a664ea45bb56759eed1f271) (DefaultImporter) -> (artifact id: '4d0b04fada6b6a6a34a84bcd27e10c97') in 0.0059799 seconds
Start importing Packages/com.unity.ugui/Tests/Runtime using Guid(c545241cf2e56ec4997d7677f01ef43d) (DefaultImporter) -> (artifact id: '88e2b3e1f7bbb56cb1f91f83f053765b') in 0.0018386 seconds
Start importing Packages/com.unity.ugui/Editor/Analytics using Guid(c52726d811a9f66459355df6b0c3977b) (DefaultImporter) -> (artifact id: '4154f772d9b7cf6fccdb594f4e326893') in 0.0013818 seconds
Start importing Packages/com.unity.test-framework/UnityEditor.TestRunner/CommandLineParser using Guid(7602252bdb82b8d45ae3483c3a00d3e1) (DefaultImporter) -> (artifact id: '7f4042be8b266d41f83337d8fd3e2897') in 0.0012936 seconds
Start importing Packages/com.unity.test-framework/UnityEditor.TestRunner/TestLaunchers using Guid(d64d92e4f04a13e4b99ea8d48e9e8ae9) (DefaultImporter) -> (artifact id: '3292843884b5f7b4874453a902cfa1e0') in 0.0013559 seconds
Start importing Packages/com.unity.ugui/Editor/UGUI using Guid(278b6073a5bdd4362acd72ca43ff9e0d) (DefaultImporter) -> (artifact id: 'abf9fbf9f7c10d2af702b2e8085d3ed6') in 0.0011076 seconds
Start importing Packages/com.unity.test-framework/UnityEditor.TestRunner/TestRun using Guid(8721cb2237d4a564a94a51f56243bdac) (DefaultImporter) -> (artifact id: '878b6064979e1990108a77cb392d64d1') in 0.0011176 seconds
Start importing Packages/com.unity.ugui/Runtime/UGUI using Guid(1817d28a5343b4ec19b4ec7903730e2c) (DefaultImporter) -> (artifact id: 'd27c003f26a5bcc4ae0be188e216ff3a') in 0.0014325 seconds
Start importing Packages/com.unity.ugui/Editor Resources/Textures using Guid(f8e6a2d47aba4c6c9b3c5a72d9f48da5) (DefaultImporter) -> (artifact id: '41714146c3f223570fca541b52f7c091') in 0.0013274 seconds
Start importing Packages/com.unity.test-framework/UnityEngine.TestRunner/UnityTestProtocol using Guid(19e1940646874613a076c6b01d1f3404) (DefaultImporter) -> (artifact id: 'e62a4d5776733de3dd284c7bda3e08bd') in 0.0011269 seconds
Start importing Packages/com.unity.test-framework/UnityEditor.TestRunner/TestRunner using Guid(49d4c2ab7ff0f4442af256bad7c9d57c) (DefaultImporter) -> (artifact id: '2c2a8c762103d2c2092be30ecefdc9a7') in 0.0010126 seconds
Start importing Packages/com.unity.ugui/Editor Resources/Gizmos using Guid(e93ec7eb6de342aabd156833e253f838) (DefaultImporter) -> (artifact id: 'e3065312f331f86c187a2c34400b2ab5') in 0.0009767 seconds
Start importing Packages/com.unity.test-framework/UnityEngine.TestRunner/Assertions using Guid(1ad55f5ad04d1d045a1f287409c650dd) (DefaultImporter) -> (artifact id: '6bdaa59d84691a380c3ba7c1d8bfa849') in 0.0011661 seconds
Start importing Packages/com.unity.ugui/Runtime/InternalBridge using Guid(bab3a29ab4f214742a44add41efffb7d) (DefaultImporter) -> (artifact id: 'b8ae5a4142d7b3ff7433a144e13442a5') in 0.0009771 seconds
Start importing Packages/com.unity.test-framework/Tests/TestNewCustomAssembly using Guid(ca0e5e7973267894ca8e1dceb2210ee5) (DefaultImporter) -> (artifact id: 'ec9729808b7dd6604b68694c1a94e68b') in 0.0009632 seconds
Start importing Packages/com.unity.test-framework/UnityEditor.TestRunner/Api using Guid(fa423365b1ce06a4dbdc6fb4a8597bfa) (DefaultImporter) -> (artifact id: '4f9583793d5edc94661340236f21f4e3') in 0.0009816 seconds
Start importing Packages/com.unity.inputsystem/InputSystem/Editor using Guid(0b7bda0ba8124480691d0d615a642b91) (DefaultImporter) -> (artifact id: 'f3ac4e10c99bfc084c58e87927a31839') in 0.0009502 seconds
Start importing Packages/com.unity.test-framework/UnityEngine.TestRunner/Utils using Guid(bb32bccaf32a6db448d1c0cc99c78688) (DefaultImporter) -> (artifact id: 'b9ac2eaa7c139997734a4cfd1edbf73e') in 0.0010038 seconds
Start importing Packages/com.unity.inputsystem/InputSystem/Actions using Guid(0c5b615422acd45049de003ce7134437) (DefaultImporter) -> (artifact id: 'dc9dd8dd02c2bde399027107061de448') in 0.000988 seconds
Start importing Packages/com.unity.test-framework/UnityEngine.TestRunner/TestRunner using Guid(1ddb9e1c877ea80479d1eab4ddaa5d0d) (DefaultImporter) -> (artifact id: '6a7e2bf038898dc9a9d8427c931ca44c') in 0.0010593 seconds
Start importing Packages/com.unity.ugui/Editor Resources/Shaders using Guid(2da27f5fe80a3a549ac7331d9f52f5f0) (DefaultImporter) -> (artifact id: '8ba95b6473bead211c52ddc79ac818a9') in 0.0011207 seconds
Start importing Packages/com.unity.test-framework/UnityEngine.TestRunner/NUnitExtensions using Guid(3e8d6af343b383544ba5743d119f4062) (DefaultImporter) -> (artifact id: '3f6e2ec14976a9de8c44a24fd5a1df3a') in 0.0010959 seconds
Start importing Packages/com.unity.test-framework/UnityEditor.TestRunner/GUI using Guid(7e609b27ad2caa14c83dd9951b6c13c6) (DefaultImporter) -> (artifact id: '112f12c0c6681ccaea11688622ebb526') in 0.0010267 seconds
Start importing Packages/com.unity.test-framework/UnityEditor.TestRunner/NUnitExtension using Guid(3f9202a39620f51418046c7754f215f0) (DefaultImporter) -> (artifact id: 'ab112e9ad4c0d836ad3545dea28bc266') in 0.0023096 seconds
Start importing Packages/com.unity.inputsystem/InputSystem/Runtime/Actions using Guid(2069418e852748dbaa154cf71b8f033a) (DefaultImporter) -> (artifact id: '8fb24b4a043d5aae145c0996b54919be') in 0.0014449 seconds
Start importing Packages/com.unity.inputsystem/InputSystem/Editor/ControlPicker using Guid(b01eed8192c9f442b820a7af87ac73f8) (DefaultImporter) -> (artifact id: '30e818eba469def1b0b9900b9523c27c') in 0.0014884 seconds
Start importing Packages/com.unity.test-framework/UnityEngine.TestRunner/Utils/AssemblyProvider using Guid(51557afa652635743b264a309f0a5c60) (DefaultImporter) -> (artifact id: '8a639915519a692529fdf384c74138af') in 0.0013284 seconds
Start importing Packages/com.unity.inputsystem/InputSystem/Runtime/Utilities using Guid(51e828593aae48cdbee6e9ae0ec20e5d) (DefaultImporter) -> (artifact id: 'fce82bf2a18a914bc2f961afe369b165') in 0.0013677 seconds
Start importing Packages/com.unity.test-framework/UnityEngine.TestRunner/TestRunner/Callbacks using Guid(61e236e8570a95e4eb754fb291e102e0) (DefaultImporter) -> (artifact id: 'd55b575d8e5d473cc2e43dbbdeaeff7c') in 0.0015473 seconds
Start importing Packages/com.unity.test-framework/UnityEngine.TestRunner/TestRunner/RemoteHelpers using Guid(91c20d2c22b8b3a4cb6c816bd225591a) (DefaultImporter) -> (artifact id: '30fb2d9dd2eecdb696675b50955e4ebc') in 0.0012115 seconds
Start importing Packages/com.unity.ugui/Tests/Runtime/TMP using Guid(914613548ded44a43a59eb9852503f18) (DefaultImporter) -> (artifact id: '477b4938addb883f7857c7245a542f61') in 0.0009751 seconds
Start importing Packages/com.unity.test-framework/UnityEngine.TestRunner/Assertions/LogScope using Guid(b1d8465ba1376b148bdab58965101f47) (DefaultImporter) -> (artifact id: 'aac2509859303379c698e7a61b119125') in 0.0015551 seconds
Start importing Packages/com.unity.inputsystem/InputSystem/Editor/Settings using Guid(c189b798c1d4842fcb189cf619033d39) (DefaultImporter) -> (artifact id: '515feb66cf51621e4b25ea82ba1fe071') in 0.0014443 seconds
Start importing Packages/com.unity.ugui/Runtime/UGUI/Properties using Guid(32e2186f4598cff489784aae586f2215) (DefaultImporter) -> (artifact id: 'd945312145ac0c9dd7a3598fc5b82f23') in 0.0011999 seconds
Start importing Packages/com.unity.inputsystem/InputSystem/Editor/PropertyDrawers using Guid(726294051bc6c426e886d72ea4702f21) (DefaultImporter) -> (artifact id: '151856e78c055b71f565b57ee7ebc996') in 0.0010095 seconds
Start importing Packages/com.unity.test-framework/UnityEditor.TestRunner/GUI/TestAssets using Guid(92e3104769da143888a712cdea27d950) (DefaultImporter) -> (artifact id: '1c339984e4f7b537284cfc59f8240800') in 0.0010511 seconds
Start importing Packages/com.unity.inputsystem/InputSystem/Editor/Plugins using Guid(9264bbaac8fbe403b987d9584bb1ffc5) (DefaultImporter) -> (artifact id: 'ad044ed80800c4e4e457361d8ee4ca49') in 0.0008662 seconds
Start importing Packages/com.unity.ugui/Tests/Runtime/UGUI using Guid(53caebc5909234b4ebe1fcaf3dc913a5) (DefaultImporter) -> (artifact id: '6cea7121aaed435492ec2cc2e4bf06a4') in 0.0010942 seconds
Start importing Packages/com.unity.inputsystem/InputSystem/Editor/Internal using Guid(8377f8bca2884d3ba3dd053d9b5d06f7) (DefaultImporter) -> (artifact id: 'a326957e2ed270ad57e6e94df831e7b0') in 0.0010284 seconds
Start importing Packages/com.unity.test-framework/UnityEditor.TestRunner/TestLaunchers/Helpers using Guid(a3cb89150b8a4060b89a32725a8e267e) (DefaultImporter) -> (artifact id: '1c6550e824ea391f5fd50f57247dd2be') in 0.0009351 seconds
Start importing Packages/com.unity.test-framework/UnityEngine.TestRunner/NUnitExtensions/Filters using Guid(c3de99f9efc582a48995bc8e8c2df418) (DefaultImporter) -> (artifact id: '6a3e6215aa297c9a4e3c7159efb1015c') in 0.0012542 seconds
Start importing Packages/com.unity.ugui/Runtime/UGUI/UI using Guid(742654cad2425334696ba6ed4495cfef) (DefaultImporter) -> (artifact id: 'd1046547fc52369f9a3a8f6b662ded51') in 0.0014325 seconds
Start importing Packages/com.unity.inputsystem/InputSystem/Editor/ProjectWideActions using Guid(949d73ae1e0166c469c8706d4d7a21c7) (DefaultImporter) -> (artifact id: '53693059d700c14fed68385f57810496') in 0.0015569 seconds
Start importing Packages/com.unity.test-framework/UnityEngine.TestRunner/TestRunner/Messages using Guid(256a0ca37fa972840bce7fca446e75e7) (DefaultImporter) -> (artifact id: '49c9fa09840fad3e17b412376a8dcf2a') in 0.0012653 seconds
Start importing Packages/com.unity.ugui/Editor/UGUI/UI using Guid(853edc343b78a7c4c81cbb3851d48c0a) (DefaultImporter) -> (artifact id: '773a517afa854ab194e9e6794bc9a1cf') in 0.0012156 seconds
Start importing Packages/com.unity.inputsystem/InputSystem/Editor/AssetEditor using Guid(a5c84a68c16874bd5ba1a9d15a5e5044) (DefaultImporter) -> (artifact id: '51f6329545320ce62a7af1fc311baefa') in 0.0025461 seconds
Start importing Packages/com.unity.test-framework/UnityEditor.TestRunner/GUI/Views using Guid(c5535d742ea2e4941850b421f9c70a1f) (DefaultImporter) -> (artifact id: 'd8974548c2c7ab5d5ad7599c432a1bc7') in 0.0034286 seconds
Start importing Packages/com.unity.ugui/Editor/UGUI/EventSystem using Guid(f525580684527b147b70cf94aaa70dbc) (DefaultImporter) -> (artifact id: '35f8d6adc1fe92d630cb18996309700e') in 0.0013418 seconds
Start importing Packages/com.unity.test-framework/UnityEditor.TestRunner/UnityTestProtocol/Data using Guid(3610673068254436ac90019f46e09f01) (DefaultImporter) -> (artifact id: 'edf71b33f3965ea27aa0f561aefe6dce') in 0.0014121 seconds
Start importing Packages/com.unity.inputsystem/InputSystem/Editor/Debugger using Guid(461c380dccba54a569c07d9810dd3b32) (DefaultImporter) -> (artifact id: 'da89f0ad8f21a6a87a6a6692ffa6b299') in 0.0011878 seconds
Start importing Packages/com.unity.test-framework/UnityEditor.TestRunner/NUnitExtension/Attributes using Guid(96c503bf059df984c86eecf572370347) (DefaultImporter) -> (artifact id: '2e346665254194df03f2d47ad0a2e81b') in 0.0011903 seconds
Start importing Packages/com.unity.inputsystem/InputSystem/Runtime/State using Guid(a6724a4cbf5d47a2b01ca5fe41036ddd) (DefaultImporter) -> (artifact id: 'a09e4fb0f7468b99673ad5574ea4254a') in 0.0011784 seconds
Start importing Packages/com.unity.test-framework/UnityEditor.TestRunner/GUI/TestListBuilder using Guid(07ea0326ed848fb4489187cb58f96113) (DefaultImporter) -> (artifact id: 'c9ef4e1b8c0b54cbe4a5a11c696e4b78') in 0.0011838 seconds
Start importing Packages/com.unity.test-framework/UnityEngine.TestRunner/NUnitExtensions/Runner using Guid(37888acc09d9ee848bf9559f06645c45) (DefaultImporter) -> (artifact id: 'ee1e527b3560111b8f9aa3c43ad7e9a9') in 0.001202 seconds
Start importing Packages/com.unity.ugui/Editor/Analytics/IAnalytic using Guid(77417b0f4cf6d334f916c64448d24133) (DefaultImporter) -> (artifact id: 'a22d0db8c8eb6d464d1b5bd50a6655ab') in 0.0011934 seconds
Start importing Packages/com.unity.inputsystem/InputSystem/Editor/Analytics using Guid(d7fcb545eb7743c8bd27f341b51151dc) (DefaultImporter) -> (artifact id: '191416f12a9a20f8f5982d896a515d26') in 0.0010462 seconds
Start importing Packages/com.unity.inputsystem/InputSystem/Editor/Devices using Guid(48b3efd3f5d914c53a4b7be35baf09a9) (DefaultImporter) -> (artifact id: 'f1355ef83adb6248b1de8ff107278492') in 0.0009616 seconds
Start importing Packages/com.unity.test-framework/UnityEditor.TestRunner/GUI/TestListTreeView using Guid(68cb547af0187634aad591a09c01cd5b) (DefaultImporter) -> (artifact id: 'bcc7fabbc19415c35b0572cf2f2337a5') in 0.0012341 seconds
Start importing Packages/com.unity.test-framework/UnityEditor.TestRunner/GUI/Controls using Guid(e88eef57957d4440c8a7ff2ef9dd3d97) (DefaultImporter) -> (artifact id: 'c4f64d42392877fbc9299e30e3929089') in 0.0012257 seconds
Start importing Packages/com.unity.test-framework/UnityEditor.TestRunner/TestRun/Data using Guid(4926c06156894939ba0a2680f1b0aa7a) (DefaultImporter) -> (artifact id: 'e85e5880a8fb926656c64ebb007116bd') in 0.0011697 seconds
Start importing Packages/com.unity.test-framework/UnityEditor.TestRunner/Api/Analytics using Guid(891bb6b9f5094c36b59c3788e21c8213) (DefaultImporter) -> (artifact id: '7afc1f32db95c3782cc44b8be1b1fdd2') in 0.0014288 seconds
Start importing Packages/com.unity.inputsystem/InputSystem/Runtime/Events using Guid(99f4ddb4a8fa4fcfa25917e64bcc6e8c) (DefaultImporter) -> (artifact id: '23c906ddce7aa323c4838ae920910404') in 0.0017316 seconds
Start importing Packages/com.unity.test-framework/UnityEditor.TestRunner/TestRunner/Messages using Guid(d9682e749d3efc642af54d789d9090a6) (DefaultImporter) -> (artifact id: '34a2da094325aea95250bbc91b3bacfc') in 0.0011057 seconds
Start importing Packages/com.unity.inputsystem/InputSystem/Runtime/Controls using Guid(aa1e768bf3ad4ae8898571a206251472) (DefaultImporter) -> (artifact id: '285e59d31e480fc19c238c53ef43cf17') in 0.0010197 seconds
Start importing Packages/com.unity.ugui/Editor/TMP/PropertyDrawers using Guid(ea7c31b5b377c314db28ad3fabbbd38d) (DefaultImporter) -> (artifact id: 'ebc92ba84e6406c25f912a00cf612866') in 0.0012391 seconds
Start importing Packages/com.unity.ugui/Tests/Editor/UGUI using Guid(fae3ac1997e164d1eba5fa5c417cbefd) (DefaultImporter) -> (artifact id: 'a65f00dcb82f453aab04a0f34c97e4e8') in 0.0015387 seconds
Start importing Packages/com.unity.test-framework/UnityEngine.TestRunner/NUnitExtensions/Commands using Guid(6b72875690e0f7343911e06af3145bd5) (DefaultImporter) -> (artifact id: 'f36e7cf57d57bd868768c4d06537389c') in 0.0039327 seconds
Start importing Packages/com.unity.inputsystem/InputSystem/Runtime/Devices using Guid(abbbcd5cf6184b818eaa56c5778a4110) (DefaultImporter) -> (artifact id: '4809312ce28a07587c930c16872a3492') in 0.0015511 seconds
Start importing Packages/com.unity.inputsystem/InputSystem/Editor/UITKAssetEditor using Guid(bb0e7cd0be171ca4ca67132e36b7ccb5) (DefaultImporter) -> (artifact id: '78ba98fe5f1f37de20ccd2d6f868901a') in 0.001564 seconds
Start importing Packages/com.unity.inputsystem/InputSystem/Editor/Utilities using Guid(cbd7102e0064b4e64be5ff61a77aba3a) (DefaultImporter) -> (artifact id: '2c3186815aa1b9957771ed88f3b8ffd1') in 0.0014397 seconds
Start importing Packages/com.unity.inputsystem/InputSystem/Editor/BuildPipeline using Guid(cb6feb90190641c19dce92f09614edd4) (DefaultImporter) -> (artifact id: '95097ddec7238d0f3c6747f3455fecaa') in 0.0012906 seconds
Start importing Packages/com.unity.test-framework/UnityEditor.TestRunner/TestLaunchers/PlatformSetup using Guid(ebc4d20cc106cea49b1df1153f0b3b5e) (DefaultImporter) -> (artifact id: 'b557b5aa3ee3c1d394dd361be2918e20') in 0.0012796 seconds
Start importing Packages/com.unity.test-framework/UnityEngine.TestRunner/NUnitExtensions/Attributes using Guid(0cb14878543cf3d4f8472b15f7ecf0e3) (DefaultImporter) -> (artifact id: '75903ed02331572f0967609c7b7f1e1c') in 0.0012331 seconds
Start importing Packages/com.unity.inputsystem/InputSystem/Runtime/Plugins using Guid(bcb3dcdfe51084a038a04105cfbc70aa) (DefaultImporter) -> (artifact id: '2e4fff624270ca30926f8bf272ac9a95') in 0.0013858 seconds
Start importing Packages/com.unity.inputsystem/InputSystem/Editor/Actions using Guid(bcff3f2833bb241549d7b4be7dddc1de) (DefaultImporter) -> (artifact id: '8d94a760cf370cc2237434ea57463a2d') in 0.0011305 seconds
Start importing Packages/com.unity.inputsystem/InputSystem/Editor/Controls using Guid(dce36297a61ee468f92d0fe7f7e28441) (DefaultImporter) -> (artifact id: 'c24bdd577bfd9bac70cfc676479791e2') in 0.0010143 seconds
Start importing Packages/com.unity.ugui/Tests/Editor/TMP using Guid(3ddaad49a7bcb4087b403f2225d54840) (DefaultImporter) -> (artifact id: 'dc3536d35fb2a75d225a6a19a3e6094d') in 0.0010782 seconds
Start importing Packages/com.unity.inputsystem/InputSystem/Editor/Icons using Guid(4dc89088b67654c86810b41295276666) (DefaultImporter) -> (artifact id: 'afde898341aa5796bf4c74f6bd521417') in 0.0010859 seconds
Start importing Packages/com.unity.test-framework/UnityEditor.TestRunner/TestRunner/Callbacks using Guid(5d7f0d6acfced954682a89e7002c04d9) (DefaultImporter) -> (artifact id: '0dec5c1fe4d62597a6f06205aa5984cd') in 0.0011657 seconds
Start importing Packages/com.unity.test-framework/UnityEditor.TestRunner/TestRun/Tasks using Guid(6dba53789da15814387fa5b1445e81e0) (DefaultImporter) -> (artifact id: '72f33cfefcd167ac88b3efeb6da24af6') in 0.0011402 seconds
Start importing Packages/com.unity.inputsystem/InputSystem/Editor/AssetImporter using Guid(9d7486ba41233414a9ed80716a544026) (DefaultImporter) -> (artifact id: '1275d9cb4dc87f0842d6a153168efa81') in 0.0011081 seconds
Start importing Packages/com.unity.inputsystem/InputSystem/Editor/DeviceSimulator using Guid(bd293de081caa442dae1595e4c7a6773) (DefaultImporter) -> (artifact id: '821d985727ccb4a0006f1b798e08f98a') in 0.0011923 seconds
Start importing Packages/com.unity.test-framework/UnityEditor.TestRunner/UnityTestProtocol/Messages using Guid(9ea154c33fd8466f973f004e5c962df7) (DefaultImporter) -> (artifact id: 'd8ce3e034bebd7e36b2b6ecc121483da') in 0.001167 seconds
Start importing Packages/com.unity.test-framework/UnityEngine.TestRunner/Utils/MonoBehaviourTest using Guid(ce8da628f68c7594b8b9a597fa52db7b) (DefaultImporter) -> (artifact id: '2d38e1309f0ea79159d19d1fe0eb6c3d') in 0.0011897 seconds
Start importing Packages/com.unity.ugui/Editor/TMP/HDRP using Guid(eecc124dc0b994047aac97ccf8c8ed0a) (DefaultImporter) -> (artifact id: '5b5397f7d63b0f449a7a5706eccb0297') in 0.0010698 seconds
Start importing Packages/com.unity.test-framework/UnityEditor.TestRunner/TestRunner/Utils using Guid(1f5bbb88ca730434483440cbc0278ef6) (DefaultImporter) -> (artifact id: 'd5d79cd3d4288070e6bddcbfc9c58d29') in 0.0010879 seconds
Start importing Packages/com.unity.ugui/Runtime/UGUI/EventSystem using Guid(7f27709c942d91541be1fd6aa5cb3d78) (DefaultImporter) -> (artifact id: 'f0d60c8b7f149f215e5d223617964474') in 0.0010589 seconds
Start importing Packages/com.unity.ugui/Editor/UGUI/Properties using Guid(cf97e54bcd5479a46bdbade48da047cc) (DefaultImporter) -> (artifact id: 'bcc5e4cf73302b79631566aee946fa3b') in 0.0010408 seconds
Start importing Packages/com.unity.ugui/Tests/Runtime/UGUI/Image using Guid(1091bc2ad06e3234aac2b2fa2841c09d) (DefaultImporter) -> (artifact id: '94034d6d07fdc201b83d5943f5af1dca') in 0.0012336 seconds
Start importing Packages/com.unity.ugui/Tests/Editor/UGUI/RectMask2D using Guid(305ca32be1aa5504aa182f583895dfe4) (DefaultImporter) -> (artifact id: '5feb8431e6a2647400681c0df4eb4982') in 0.0011821 seconds
Start importing Packages/com.unity.inputsystem/InputSystem/Editor/Plugins/OnScreen using Guid(f027141a193544959a71baea4a57d3f7) (DefaultImporter) -> (artifact id: '64bdc7c64e48450d2222bc2c487ca70a') in 0.0011227 seconds
Start importing Packages/com.unity.inputsystem/InputSystem/Runtime/Plugins/Users using Guid(b102955bf08484d24b9122abab95b9fc) (DefaultImporter) -> (artifact id: '62900c29e85aa8bd6149d30f634f92b3') in 0.0013024 seconds
Start importing Packages/com.unity.ugui/Tests/Editor/UGUI/InputField using Guid(c16c54fe03afb5740bcc0a2a295cb79d) (DefaultImporter) -> (artifact id: 'f2549288d5f830259850c3bed852b8b1') in 0.0011706 seconds
Start importing Packages/com.unity.inputsystem/InputSystem/Editor/Plugins/iOS using Guid(0210636210b964e4cb07b817e5ce6481) (DefaultImporter) -> (artifact id: '40673ff04a7c7a6465861bbbf9b887b8') in 0.001215 seconds
Start importing Packages/com.unity.ugui/Runtime/UGUI/UI/Core using Guid(12c42068351bb084abde965d725b9887) (DefaultImporter) -> (artifact id: 'cacc7f0504c10a89d30473ce3cb13775') in 0.001103 seconds
Start importing Packages/com.unity.inputsystem/InputSystem/Runtime/Plugins/Switch using Guid(a27b7d2db78661c429e29911c09f8f4c) (DefaultImporter) -> (artifact id: '4291c0fea405671f6bf720ae7d62cbbd') in 0.0013325 seconds
Start importing Packages/com.unity.ugui/Tests/Runtime/UGUI/Toggle using Guid(e210c8bf2e9c6514d90a1bd77586af1f) (DefaultImporter) -> (artifact id: 'dbc3a78b1232d980c5eec42316701d59') in 0.0011349 seconds
Start importing Packages/com.unity.inputsystem/InputSystem/Runtime/Devices/Haptics using Guid(e286fc65ad3d4645b213e71b11e963e4) (DefaultImporter) -> (artifact id: 'e8deb657892b9f9319ba36238b1239d3') in 0.0010553 seconds
Start importing Packages/com.unity.inputsystem/InputSystem/Editor/Plugins/UI using Guid(03672f9d7e73f4134820c35a3cd46a86) (DefaultImporter) -> (artifact id: '49c7f870c65437f00121ee9490da6ed7') in 0.0010102 seconds
Start importing Packages/com.unity.ugui/Tests/Runtime/UGUI/Button using Guid(239dd6edc8e5cd14585c03e09e86a747) (DefaultImporter) -> (artifact id: 'ac27d701a2faade0a9eb1621f0aeec9d') in 0.0009991 seconds
Start importing Packages/com.unity.ugui/Tests/Runtime/UGUI/ScrollBar using Guid(43b1467da3d29ae4597a733828cdd84a) (DefaultImporter) -> (artifact id: '9d24d5339ee40185803e2696afc4766b') in 0.0008698 seconds
Start importing Packages/com.unity.ugui/Tests/Runtime/UGUI/Graphic using Guid(8313ea704470a264295ec9e09aec6ebc) (DefaultImporter) -> (artifact id: '08e82deac7b1e19a2c784e9398edc209') in 0.0010524 seconds
Start importing Packages/com.unity.ugui/Tests/Runtime/UGUI/TextEditor using Guid(93effba7cf7f3824ab0bd048a27a9c02) (DefaultImporter) -> (artifact id: '8eef0647cc6fb4855db6a46795a64f66') in 0.0026477 seconds
Start importing Packages/com.unity.inputsystem/InputSystem/Runtime/Plugins/Steam using Guid(a3e712d7ab2114ca4960246b0d5e6215) (DefaultImporter) -> (artifact id: '4245f6ac265fd648bef2d26dcef0eb00') in 0.0012622 seconds
Start importing Packages/com.unity.ugui/Runtime/UGUI/EventSystem/EventData using Guid(b3cdabf2f1e76854d8aab5930305d70d) (DefaultImporter) -> (artifact id: '8277f8c996e87ca284549912a55a6cd9') in 0.0010881 seconds
Start importing Packages/com.unity.inputsystem/InputSystem/Runtime/Devices/Remote using Guid(b3be39d9a3c9496a9a619d6dc185f5f3) (DefaultImporter) -> (artifact id: 'ad550898059584d38ddef51f45ea291f') in 0.0011468 seconds
Start importing Packages/com.unity.inputsystem/InputSystem/Editor/Plugins/InputForUI using Guid(e37b431b8b93e4719910a045d05ba3cb) (DefaultImporter) -> (artifact id: 'aa5288d3c970e8c8c511e7129e243fab') in 0.001229 seconds
Start importing Packages/com.unity.inputsystem/InputSystem/Editor/Plugins/HID using Guid(e38cdda355b6f4f8fb66876f964f570e) (DefaultImporter) -> (artifact id: '2bfc7d621f2d468ddcff2dc09d58ac24') in 0.0013446 seconds
Start importing Packages/com.unity.ugui/Runtime/UGUI/UI/Animation using Guid(5472815444de2ce45bf2053a4af04b9d) (DefaultImporter) -> (artifact id: '41463e8550df76b3752941ecf4af4827') in 0.0012611 seconds
Start importing Packages/com.unity.inputsystem/InputSystem/Runtime/Devices/Commands using Guid(84ba8e63f115487ca072084bbebf0e55) (DefaultImporter) -> (artifact id: 'c0cb9ce75f0f2ed8b3c2661b48aeb01f') in 0.0011919 seconds
Start importing Packages/com.unity.test-framework/UnityEditor.TestRunner/TestRun/Tasks/Player using Guid(94a6220ee1a442249702c9df66e0fe1b) (DefaultImporter) -> (artifact id: 'f827ae25f95ca0b2387aab13d0de9e87') in 0.0011543 seconds
Start importing Packages/com.unity.inputsystem/InputSystem/Runtime/Plugins/WebGL using Guid(d4077c3b095df48b798c97c694ffd684) (DefaultImporter) -> (artifact id: '4bb20e019f436a4c5978cb315a438c41') in 0.005002 seconds
Start importing Packages/com.unity.inputsystem/InputSystem/Editor/Actions/Interactions using Guid(e4bf910aee5784821a3ebd59e4cdac79) (DefaultImporter) -> (artifact id: '9a9480d4f80860877a53c0748880e766') in 0.0015557 seconds
Start importing Packages/com.unity.ugui/Tests/Runtime/UGUI/Slider using Guid(850af9f3bf6d14143baf2ecfbf25db52) (DefaultImporter) -> (artifact id: '437630b46a69623334e22a1b4d23d60a') in 0.0013947 seconds
Start importing Packages/com.unity.inputsystem/InputSystem/Editor/Plugins/PlayerInput using Guid(95a3b96623aff409fad313b971f84743) (DefaultImporter) -> (artifact id: '232f12b66781e61c89d278d4b960a657') in 0.0013772 seconds
Start importing Packages/com.unity.inputsystem/InputSystem/Runtime/Plugins/Android using Guid(e5769f689f15dce4a9f92aff27659c54) (DefaultImporter) -> (artifact id: '1882dbaf36accbc4ef3817afe6c3a6b2') in 0.0013486 seconds
Start importing Packages/com.unity.ugui/Runtime/UGUI/EventSystem/Raycasters using Guid(46646a5562f14984690c85ee7b946bc9) (DefaultImporter) -> (artifact id: 'e72938d8295fecfa581dc14542b5af2f') in 0.0015343 seconds
Start importing Packages/com.unity.inputsystem/InputSystem/Runtime/Devices/Precompiled using Guid(6600059bab4cd4a4ab586e5bb07df47b) (DefaultImporter) -> (artifact id: 'a5b5175474d7faf6114b3b2f92c63972') in 0.0012477 seconds
Start importing Packages/com.unity.inputsystem/InputSystem/Editor/UITKAssetEditor/Commands using Guid(665321577aaff5344b5a12d626dfcaf7) (DefaultImporter) -> (artifact id: '5b304eab01782439182742f7695f71f1') in 0.0012868 seconds
Start importing Packages/com.unity.inputsystem/InputSystem/Runtime/Plugins/InputForUI using Guid(96500a17645c67442a0ccdca007e6d28) (DefaultImporter) -> (artifact id: '50565058fe2fe0c54cf013821d1f8019') in 0.0014181 seconds
Start importing Packages/com.unity.ugui/Tests/Runtime/UGUI/CanvasRenderer using Guid(a69b08936f9f74179ae333a4bebe7c54) (DefaultImporter) -> (artifact id: '7671a1463691e0f5dc1af47c30eb63be') in 0.0010154 seconds
Start importing Packages/com.unity.inputsystem/InputSystem/Editor/Plugins/UnityRemote using Guid(b67ddb076aa7b4301b132a1012ba666d) (DefaultImporter) -> (artifact id: '10eaa629dd2b89a5d27490d12d034d6e') in 0.0010412 seconds
Start importing Packages/com.unity.inputsystem/InputSystem/Runtime/Plugins/XInput using Guid(674bcb49f4019404bb8bfd43a597785a) (DefaultImporter) -> (artifact id: 'c0d5d05351409abd57330406f69046a4') in 0.0011047 seconds
Start importing Packages/com.unity.inputsystem/InputSystem/Runtime/Plugins/HID using Guid(a71161af1440e4b1fbbefefb3aaffce0) (DefaultImporter) -> (artifact id: 'cc150985718e30b27fed7bfd69447ed7') in 0.0011399 seconds
Start importing Packages/com.unity.ugui/Tests/Editor/UGUI/UI using Guid(e7689eda3a8b1a847a8b197dbe90d9a6) (DefaultImporter) -> (artifact id: '5d2bcf29f5611fa4f2365298e1243e46') in 0.0009836 seconds
Start importing Packages/com.unity.inputsystem/InputSystem/Editor/UITKAssetEditor/PackageResources using Guid(7894838fa258e3a4197077ddbda0eec5) (DefaultImporter) -> (artifact id: 'd3cae844ad6d2a8c0d53dd29272c43a2') in 0.0017013 seconds
Start importing Packages/com.unity.ugui/Tests/Editor/UGUI/EventSystem using Guid(98d14ab1acf42df4f88a0561822ac807) (DefaultImporter) -> (artifact id: 'bcce928e3f5b35dd22455a42941bc8ae') in 0.0011413 seconds
Start importing Packages/com.unity.ugui/Tests/Editor/UGUI/Canvas using Guid(b86b117346968ac4d9cc63e4385becb7) (DefaultImporter) -> (artifact id: '62133acf800fdf2d38044a65fa104ffd') in 0.0010329 seconds
Start importing Packages/com.unity.inputsystem/InputSystem/Runtime/Plugins/XR using Guid(097288e93d94f44438e9ef4dc93f7346) (DefaultImporter) -> (artifact id: '65d8e3491c4546b69a124702dbede89a') in 0.0010896 seconds
Start importing Packages/com.unity.inputsystem/InputSystem/Editor/Plugins/EnhancedTouch using Guid(29656219f4bec4af4b3720997e749957) (DefaultImporter) -> (artifact id: '6299584b245db7f95e4c29c1f5e13fc5') in 0.0012705 seconds
Start importing Packages/com.unity.test-framework/UnityEditor.TestRunner/TestRun/Tasks/Scene using Guid(692476ac695e7b74a8d9eabd48862009) (DefaultImporter) -> (artifact id: 'c93fad50921024025a405a0a862090ff') in 0.0012379 seconds
Start importing Packages/com.unity.inputsystem/InputSystem/Runtime/Plugins/UI using Guid(69dd334ee54c747c38b3317d02c3967a) (DefaultImporter) -> (artifact id: '1fd450bb232d5b95bbe26023d11838df') in 0.0011902 seconds
Start importing Packages/com.unity.inputsystem/InputSystem/Runtime/Actions/Interactions using Guid(b90e4423894dce34f83bb15a3ba411ba) (DefaultImporter) -> (artifact id: '1a682d568fa434ab30a8210e73fe1d5d') in 0.0012772 seconds
Start importing Packages/com.unity.test-framework/UnityEditor.TestRunner/TestRun/Tasks/Platform using Guid(d973b7805df545bdae3986ab72a6c2e8) (DefaultImporter) -> (artifact id: '20a6de28fd8aedef407457a6ca2d05cd') in 0.0012506 seconds
Start importing Packages/com.unity.ugui/Tests/Editor/UGUI/UnityEvent using Guid(e90cc37a5ccf4a44dbecc5b7172ec512) (DefaultImporter) -> (artifact id: 'a0ce3d4c23b3d1b988cb587e10b1d85e') in 0.0009474 seconds
Start importing Packages/com.unity.inputsystem/InputSystem/Editor/Plugins/Steam using Guid(0a40837a6cb5749b69436d6839711335) (DefaultImporter) -> (artifact id: '9fafccae1c3b88dc5ab16af402b52bb5') in 0.0009323 seconds
Start importing Packages/com.unity.ugui/Tests/Runtime/UGUI/InputField using Guid(2a28c2fab6b1bb745a844ef6b908e7ee) (DefaultImporter) -> (artifact id: '9dad4aba2acb736bb41bd9f498f4a598') in 0.0011448 seconds
Start importing Packages/com.unity.inputsystem/InputSystem/Runtime/Actions/Composites using Guid(6adbf65a53ff9b04990c2116b3e4d5b7) (DefaultImporter) -> (artifact id: '731fcbb1800e0536eab648102951f6d9') in 0.0012113 seconds
Start importing Packages/com.unity.ugui/Tests/Runtime/UGUI/Canvas using Guid(9a3557da07c729b4eb774b8e30e157a4) (DefaultImporter) -> (artifact id: '81331dc77753752598b07804ea4cff62') in 0.0008767 seconds
Start importing Packages/com.unity.ugui/Tests/Runtime/UGUI/Dropdown using Guid(bae197be297529d4fa735fbe7c91828d) (DefaultImporter) -> (artifact id: '2aa66bb1fd732c209bdffd9958207bc3') in 0.0008679 seconds
Start importing Packages/com.unity.inputsystem/InputSystem/Runtime/Plugins/OSX using Guid(ea65eddf43398654fa32b724723c71a4) (DefaultImporter) -> (artifact id: '571838c1903d4b738a6af60b1970370c') in 0.0025285 seconds
Start importing Packages/com.unity.ugui/Tests/Runtime/UGUI/MaskClipping using Guid(2bc8a181dfd9de24388de89bb8db7713) (DefaultImporter) -> (artifact id: '0a0c449a5ca7d42ce0c9a97eda0d4d04') in 0.0013378 seconds
Start importing Packages/com.unity.inputsystem/InputSystem/Editor/ControlPicker/Layouts using Guid(5b630b769a2a8aa499ce2d2093f40500) (DefaultImporter) -> (artifact id: '403e46b923f168d79c0a976305679f07') in 0.0012786 seconds
Start importing Packages/com.unity.ugui/Tests/Runtime/UGUI/ScrollRect using Guid(9bedab6f9886aee42b33e424bffdb640) (DefaultImporter) -> (artifact id: 'a0e08ced210bbca101c3d35c258f23e3') in 0.001128 seconds
Start importing Packages/com.unity.ugui/Tests/Runtime/UGUI/EventSystem using Guid(ab93e1a81defc3243a6e9cd0df3cb443) (DefaultImporter) -> (artifact id: '642b7155e0374f42426082344e328a0f') in 0.0010926 seconds
Start importing Packages/com.unity.inputsystem/InputSystem/Runtime/Plugins/Linux using Guid(1c597fa0f94a3d54b9c0e85f56e5f821) (DefaultImporter) -> (artifact id: '2d53eac51644e1315e2c4fc2db1dc5f3') in 0.0013033 seconds
Start importing Packages/com.unity.inputsystem/InputSystem/Runtime/Plugins/PlayerInput using Guid(1cccd07fcea7f491793d4e7a5adc17a2) (DefaultImporter) -> (artifact id: '6a77b4bcfd42614becfa57d256d7fd46') in 0.0011417 seconds
Start importing Packages/com.unity.ugui/Tests/Editor/UGUI/Slider using Guid(4cfe5ade9a1375e40aed87618b92bd12) (DefaultImporter) -> (artifact id: '91a2980309d6499d37b364770f3dc35d') in 0.0010329 seconds
Start importing Packages/com.unity.inputsystem/InputSystem/Editor/Internal/AdvancedDropdown using Guid(5cdea6ae28e4a4b6ca0bb7506f88764c) (DefaultImporter) -> (artifact id: 'eca336dc6ca2b7d726720885b47884ac') in 0.001074 seconds
Start importing Packages/com.unity.ugui/Editor/UGUI/UI/PropertyDrawers using Guid(bc9aa6d5a7945f34882c442e9e201537) (DefaultImporter) -> (artifact id: '270b585cc009643c70718bcb5358bab0') in 0.0009334 seconds
Start importing Packages/com.unity.ugui/Tests/Runtime/UGUI/Layout using Guid(cc313cc004395df4a9884390556690a5) (DefaultImporter) -> (artifact id: '563d44d617bb73e3ce0b9367beb9f7f6') in 0.0010213 seconds
Start importing Packages/com.unity.test-framework/UnityEditor.TestRunner/TestRun/Tasks/Events using Guid(cca5935142d6c754f9ecdce1294f7079) (DefaultImporter) -> (artifact id: '1f81049cc8c4f238fec5f2b1ea887709') in 0.0012109 seconds
Start importing Packages/com.unity.inputsystem/InputSystem/Editor/UITKAssetEditor/Views using Guid(2db76e4ad9537964994bd20263e1c379) (DefaultImporter) -> (artifact id: '55b765bc8bef98298d0dce9de6fd088a') in 0.0011576 seconds
Start importing Packages/com.unity.ugui/Tests/Runtime/UGUI/LayoutGroup using Guid(2d9b6ff056b6f484ba6500aa8e06bcf3) (DefaultImporter) -> (artifact id: '1c3147b292d515aadba03fbf6013744b') in 0.0010477 seconds
Start importing Packages/com.unity.ugui/Runtime/UGUI/EventSystem/UIElements using Guid(5dc64c943466a44498be3b620c743b45) (DefaultImporter) -> (artifact id: '96c94b86d87620112b8e860f107d8e93') in 0.0011691 seconds
Start importing Packages/com.unity.inputsystem/InputSystem/Editor/AssetEditor/PackageResources using Guid(ad61ded360bb0784b9301188fc603d6d) (DefaultImporter) -> (artifact id: '89b0b596240fab476c123f102a1ab111') in 0.0011148 seconds
Start importing Packages/com.unity.inputsystem/InputSystem/Runtime/Plugins/iOS using Guid(cdf0d8abf71784dacb0470320cd8936f) (DefaultImporter) -> (artifact id: '62678bcc85f3723e7a71d36d244f53a2') in 0.0010374 seconds
Start importing Packages/com.unity.inputsystem/InputSystem/Runtime/Plugins/OnScreen using Guid(0e49b0a8b53e45445979b3fa9604a35c) (DefaultImporter) -> (artifact id: '7ea8412743dcf4709bd89ebf770cfafd') in 0.0010074 seconds
Start importing Packages/com.unity.inputsystem/InputSystem/Editor/Devices/Remote using Guid(4ea5bd36bf3924ec18c263bbdb10e425) (DefaultImporter) -> (artifact id: 'a72e971a03947ccd8dca0dff9a3b056e') in 0.0007943 seconds
Start importing Packages/com.unity.inputsystem/InputSystem/Editor/Controls/Processors using Guid(5e167cf5b25c44f35919e4082e725d71) (DefaultImporter) -> (artifact id: '30b86e68e1cf5547932636b925d9a7d1') in 0.0007896 seconds
Start importing Packages/com.unity.inputsystem/InputSystem/Runtime/Plugins/DualShock using Guid(6eefa91e7a89647338245ee3818141d1) (DefaultImporter) -> (artifact id: 'c18ff5c4c2c9c2feecd06007584fcf6c') in 0.0008293 seconds
Start importing Packages/com.unity.ugui/Runtime/UGUI/EventSystem/InputModules using Guid(8e78f8a8575e4a04f8337a54e241cdc5) (DefaultImporter) -> (artifact id: 'cf1e069480532a8f3dc9085bfcf71e39') in 0.0008682 seconds
Start importing Packages/com.unity.ugui/Tests/Editor/UGUI/CanvasRenderer using Guid(ae242449e9279d44789513b922d3178a) (DefaultImporter) -> (artifact id: 'ee5d432a1318ff51cc5f0f75759cfc19') in 0.0009279 seconds
Start importing Packages/com.unity.ugui/Tests/Editor/UGUI/Dropdown using Guid(1f71aeacc4a9f1a40b22a1a590331f6b) (DefaultImporter) -> (artifact id: 'f07cb706910528267c831c49a6968d8c') in 0.0012596 seconds
Start importing Packages/com.unity.ugui/Tests/Editor/UGUI/Text using Guid(4f9ac6e545d53f94b9f09c85b9576f36) (DefaultImporter) -> (artifact id: '5f05d186dcb1976da8af0bac527eb730') in 0.001057 seconds
Start importing Packages/com.unity.inputsystem/InputSystem/Runtime/Controls/Processors using Guid(6fde91b0a4ee45cd86be18a8d829dc87) (DefaultImporter) -> (artifact id: '61aaf28ed6dc86dfb0b94b2793ac2b04') in 0.0010274 seconds
Start importing Packages/com.unity.inputsystem/InputSystem/Runtime/Utilities/Observables using Guid(9f8944bd1ba848ab8f95afe7acfb4b79) (DefaultImporter) -> (artifact id: '4b45e311302f219ff3f4e6ba9c8015a5') in 0.0012263 seconds
Start importing Packages/com.unity.ugui/Tests/Runtime/UGUI/Util using Guid(af30a361ab68260438b6ec3fb7e64500) (DefaultImporter) -> (artifact id: '2b58310aa8804f03a037a2d47189a1c9') in 0.0009868 seconds
Start importing Packages/com.unity.inputsystem/InputSystem/Editor/Actions/Composites using Guid(cfd47b21b6c654315bf28318c87beb98) (DefaultImporter) -> (artifact id: 'e08f36993d3f4cb5a5466a6da0e0a4fe') in 0.0010963 seconds
Start importing Packages/com.unity.inputsystem/InputSystem/Runtime/Plugins/EnhancedTouch using Guid(ef4b66ea93dd243a783c32ab1da39fc4) (DefaultImporter) -> (artifact id: '8c0744b36938aa8a5335b8ec17709615') in 0.0012802 seconds
Start importing Packages/com.unity.ugui/Tests/Runtime/UGUI/NestedLayout using Guid(efad3ddb7270ac241b9b1357ec5ee2f2) (DefaultImporter) -> (artifact id: '8bbb7177cd104b80d48b4cfb1dc88884') in 0.0011316 seconds
Start importing Packages/com.unity.ugui/Tests/Editor/UGUI/UI/PropertyDrawers using Guid(24333a116497b144f9782b1160984b57) (DefaultImporter) -> (artifact id: '38a6a8db8e66efb4b3e00b0b49edce4d') in 0.001117 seconds
Start importing Packages/com.unity.inputsystem/InputSystem/Runtime/Plugins/XR/Controls using Guid(25ea971cc17caa84a8a2fdf9917af7b4) (DefaultImporter) -> (artifact id: '550d46a4f8a6c3ccc74983dd9b1dbf29') in 0.0010627 seconds
Start importing Packages/com.unity.inputsystem/InputSystem/Runtime/Plugins/XR/Haptics using Guid(8529451a1ee99484a891bdea2f5219f3) (DefaultImporter) -> (artifact id: '550e71914a9d11dbe52a1c14492c6758') in 0.0012918 seconds
Start importing Packages/com.unity.inputsystem/InputSystem/Editor/AssetEditor/PackageResources/personal using Guid(95391b99439094c00a105cd26ba61b1b) (DefaultImporter) -> (artifact id: '4035ef21cafc80447e59ea9645c8f64f') in 0.0011276 seconds
Start importing Packages/com.unity.ugui/Runtime/UGUI/UI/Core/Utility using Guid(d63dd1a776d383248a21ec2a8a6e7868) (DefaultImporter) -> (artifact id: 'ddf4baa864d390cb48033641e93bc3ab') in 0.0010648 seconds
Start importing Packages/com.unity.ugui/Runtime/UGUI/UI/Core/Culling using Guid(27ed3e221887b3544bd9d6505d4a789f) (DefaultImporter) -> (artifact id: 'a8414d4e7a7ce3589ca9a54f2895a3ea') in 0.0010753 seconds
Start importing Packages/com.unity.ugui/Runtime/UGUI/UI/Core/SpecializedCollections using Guid(f8ed4321a98682942b9980996131cf26) (DefaultImporter) -> (artifact id: '5a5ef29bec25f7a3bf7676116a5962c1') in 0.001043 seconds
Start importing Packages/com.unity.ugui/Runtime/UGUI/UI/Core/Layout using Guid(1999349e7f492c947bb6eb70f624382e) (DefaultImporter) -> (artifact id: 'a8e41ce3a6fccc9c9b78c2afb86f94a6') in 0.0010477 seconds
Start importing Packages/com.unity.ugui/Tests/Runtime/UGUI/EventSystem/InputModuleTests using Guid(7a892c920c8ad2848b469ec9579c5219) (DefaultImporter) -> (artifact id: 'ddbbd39c1ecedea9952da13283fac82b') in 0.0010354 seconds
Start importing Packages/com.unity.inputsystem/InputSystem/Runtime/Plugins/XR/Devices using Guid(7ada2e545c685b44a8367bdab267f0dc) (DefaultImporter) -> (artifact id: '627ee3817fcb0cf0ee8de9c6e9f272ab') in 0.0009694 seconds
Start importing Packages/com.unity.ugui/Runtime/UGUI/UI/Core/MaterialModifiers using Guid(7c6295db74da28645bf49db58b7c9c65) (DefaultImporter) -> (artifact id: 'c8309270d25389008b80d2680377db3a') in 0.0008595 seconds
Start importing Packages/com.unity.inputsystem/InputSystem/Editor/AssetEditor/PackageResources/pro using Guid(be2b3c041afc2477ea1f172b6d14c3dc) (DefaultImporter) -> (artifact id: '08b4bf9d1d01c804d61635e1b758a23f') in 0.0009264 seconds
Start importing Packages/com.unity.ugui/Runtime/UGUI/UI/Core/VertexModifiers using Guid(cfa73a847eeff06448bb50a8ac6a94e0) (DefaultImporter) -> (artifact id: '4854c52cecabffb60fdd5ed9e9763c1c') in 0.0010625 seconds
Start importing Packages/com.unity.test-framework/Tests/TestNewCustomAssembly/TestNewCustomAssembly.asmdef using Guid(005d90528beb64e71b011a6207806ed5) (AssemblyDefinitionImporter) -> (artifact id: 'fdab9d5d4dfc6a2d471dd347f8a4173e') in 0.0049939 seconds
Start importing Packages/com.unity.ugui/Runtime/TMP/Unity.TextMeshPro.asmdef using Guid(6055be8ebefd69e48b49212b09b47b2f) (AssemblyDefinitionImporter) -> (artifact id: '755faf4d872606cabacec4dfdc775f71') in 0.0048338 seconds
Start importing Packages/com.unity.inputsystem/InputSystem/Editor/Plugins/InputForUI/InputSystemForUI.Editor.asmdef using Guid(319e0e95bdd5841b7b1808ef2f0ffd7f) (AssemblyDefinitionImporter) -> (artifact id: 'ccba7878b0061028734b27f1de231d54') in 0.0043182 seconds
Start importing Packages/com.unity.inputsystem/DocCodeSamples.Tests/DocCodeSamples.asmdef using Guid(41b01d3964f844d8b43923c18b3a9a6f) (AssemblyDefinitionImporter) -> (artifact id: 'c4ecdf1098f2cc8c3723c90c3ce012c9') in 0.0039937 seconds
Start importing Packages/com.unity.ugui/Runtime/InternalBridge/Unity.InternalAPIEngineBridge.004.asmdef using Guid(43b111c4a445f446abd2c02e77750ff5) (AssemblyDefinitionImporter) -> (artifact id: '7768f0299b485d6ebc39eb408ad5c375') in 0.0076167 seconds
Start importing Packages/com.unity.ugui/Editor/Analytics/UnityEditor.UI.Analytics.asmdef using Guid(8394c018a82352f41ae354f7bdad54e3) (AssemblyDefinitionImporter) -> (artifact id: '51a42a6dc598d685998182f7c5c967c4') in 0.0066881 seconds
Start importing Packages/com.unity.ugui/Editor/UGUI/UnityEditor.UI.asmdef using Guid(343deaaf83e0cee4ca978e7df0b80d21) (AssemblyDefinitionImporter) -> (artifact id: 'af08ec8d4d031bbff740ba61300146c5') in 0.0063854 seconds
Start importing Assets/OneLaneWar/Tests/Fixtures/OneLaneWar.ModelFixtures.asmdef using Guid(a41285b0a5c22254f9469ce43de70988) (AssemblyDefinitionImporter) -> (artifact id: 'e1ff00a73d840fa77a9eafe87371bc68') in 0.0103027 seconds
Start importing Packages/com.unity.ugui/Editor/TMP/Unity.TextMeshPro.Editor.asmdef using Guid(6546d7765b4165b40850b3667f981c26) (AssemblyDefinitionImporter) -> (artifact id: '9560f464d4c68b2cd231f1d640031561') in 0.0052427 seconds
Start importing Packages/com.unity.ugui/Tests/Editor/TMP/Unity.TextMeshPro.Editor.Tests.asmdef using Guid(656e461844099ae43a609ff6109b0877) (AssemblyDefinitionImporter) -> (artifact id: '30072da98643a3dd2fb6cd04c1e7f82b') in 0.0055513 seconds
Start importing Packages/com.unity.inputsystem/InputSystem/Unity.InputSystem.asmdef using Guid(75469ad4d38634e559750d17036d5f7c) (AssemblyDefinitionImporter) -> (artifact id: 'f06c92024455f57260b48f0b25c31895') in 0.0066236 seconds
Start importing Packages/com.unity.test-framework/UnityEngine.TestRunner/UnityEngine.TestRunner.asmdef using Guid(27619889b8ba8c24980f49ee34dbb44a) (AssemblyDefinitionImporter) -> (artifact id: '4e99211f6fa79279dcc82bfb5cb90702') in 0.0055746 seconds
Start importing Packages/com.unity.inputsystem/InputSystem/Runtime/Plugins/InputForUI/InputSystemForUI.asmdef using Guid(09dcc9c0126b6b34ab2a877b8f2277f5) (AssemblyDefinitionImporter) -> (artifact id: '909e8380d27ebb14864db4f1d55d8eb9') in 0.0045944 seconds
Start importing Packages/com.unity.ugui/Tests/Runtime/UGUI/UnityEngine.UI.Tests.asmdef using Guid(e9745f6a32442194c8dc5a43e9ab86f9) (AssemblyDefinitionImporter) -> (artifact id: '671361ac3978847d29e63ee1cf5da131') in 0.0043251 seconds
Start importing Packages/com.unity.test-framework/UnityEditor.TestRunner/UnityEditor.TestRunner.asmdef using Guid(0acc523941302664db1f4e527237feb3) (AssemblyDefinitionImporter) -> (artifact id: 'a37885b78cc3bc346b8ba1ba7dd76b0c') in 0.0049739 seconds
Start importing Packages/com.unity.inputsystem/Tests/IntegrationTests/Unity.InputSystem.IntegrationTests.asmdef using Guid(3ae5734e49d646442ad24f37762ebdd2) (AssemblyDefinitionImporter) -> (artifact id: 'fd79d7601c520bce2421132881cb7ce3') in 0.0051462 seconds
Start importing Assets/OneLaneWar/Core/OneLaneWar.Core.asmdef using Guid(fa2e57b6f4020ee47833271bfaa77829) (AssemblyDefinitionImporter) -> (artifact id: 'c99a174e3f9c19b4fc11f618226545a7') in 0.0125356 seconds
Start importing Packages/com.unity.ugui/Runtime/UGUI/UnityEngine.UI.asmdef using Guid(2bafac87e7f4b9b418d9448d219b01ab) (AssemblyDefinitionImporter) -> (artifact id: '535f7aafa4dd215a60024f56978e8d8a') in 0.0057919 seconds
Start importing Packages/com.unity.ugui/Tests/Runtime/TMP/Unity.TextMeshPro.Tests.asmdef using Guid(bb05cab7d802aa5468f8f2f86840d984) (AssemblyDefinitionImporter) -> (artifact id: '89d48fa439e205f5072672939dd03b3e') in 0.0057683 seconds
Start importing Packages/com.unity.ugui/Tests/Editor/UGUI/UnityEditor.UI.EditorTests.asmdef using Guid(7c04f0dfa9243c04681a55d90d3ff3fc) (AssemblyDefinitionImporter) -> (artifact id: 'b0030b2b8f67d12eacbc22c1af1fbac4') in 0.0063829 seconds
Start importing Packages/com.unity.inputsystem/Tests/TestFixture/Unity.InputSystem.TestFramework.asmdef using Guid(dc04f38471c3a459fb4d31124ee9127d) (AssemblyDefinitionImporter) -> (artifact id: '8b2e606c68f60a7ea154ecb1ff970262') in 0.0057037 seconds
Start importing Packages/com.unity.modules.ui/package.ModuleCompilationTrigger using Guid(51fa60bb2bd1e5bc74e8cc95a7bfd5b7) (DefaultImporter) -> (artifact id: '237e32f9541121b786ca4b06eace0dfe') in 0.0682442 seconds
Start importing Packages/com.unity.modules.hierarchycore/package.ModuleCompilationTrigger using Guid(d104359075a97392b803d3d5aebc77f7) (DefaultImporter) -> (artifact id: '5f087c93c58d9b1c35f89c539ed3a98d') in 0.0012186 seconds
Start importing Packages/com.unity.modules.imageconversion/package.ModuleCompilationTrigger using Guid(830a36a23cf3ab1e61fa47940a6dc35e) (DefaultImporter) -> (artifact id: 'ee0f0c801f95c19382d8b454dc7586e1') in 0.0010564 seconds
Start importing Packages/com.unity.modules.audio/package.ModuleCompilationTrigger using Guid(042dc296246916648e55a43d0eeb2036) (DefaultImporter) -> (artifact id: '93cfeb7be8bf6df4dc4fc167223dc2d5') in 0.0008768 seconds
Start importing Packages/com.unity.modules.jsonserialize/package.ModuleCompilationTrigger using Guid(e6a135e3ea9cb46795d1b0e05ac3e1e5) (DefaultImporter) -> (artifact id: '8d26f1c211bce77f7cf17eccccd57b0d') in 0.0008655 seconds
Start importing Packages/com.unity.modules.androidjni/package.ModuleCompilationTrigger using Guid(c82e859b16636ddd2ca4a1f63fd34938) (DefaultImporter) -> (artifact id: '28e4fd36d397729ef98ce8a6b5fe53a2') in 0.0008968 seconds
Start importing Packages/com.unity.modules.uielements/package.ModuleCompilationTrigger using Guid(8a752aaaadd2410dd9a84e01c1bace9f) (DefaultImporter) -> (artifact id: 'ae37e7f0f1483578fc0d8d28fd17e0e2') in 0.0015723 seconds
Start importing Packages/com.unity.modules.physics/package.ModuleCompilationTrigger using Guid(5c1ee4056d0ac7ad3c5a16597fcaa38a) (DefaultImporter) -> (artifact id: '288b7a03d6481d4e92cee0ae908758ad') in 0.0011691 seconds
Start importing Packages/com.unity.modules.imgui/package.ModuleCompilationTrigger using Guid(be13c398521e3c1ad21fb9da30ab2ab6) (DefaultImporter) -> (artifact id: 'ea0574aa05344c7e80357502346d73fc') in 0.0010296 seconds
Refreshing native plugins compatible for Editor in 0.74 ms, found 0 plugins.
Native extension for WindowsStandalone target not found
ScheduleIndexationOnStartup MainProcess:True IndexOnStartup:True
Mono: successfully reloaded assembly
- Finished resetting the current domain, in  1.055 seconds
Domain Reload Profiling: 3268ms
	BeginReloadAssembly (568ms)
		ExecutionOrderSort (0ms)
		DisableScriptedObjects (48ms)
		BackupInstance (0ms)
		ReleaseScriptingObjects (0ms)
		CreateAndSetChildDomain (212ms)
	RebuildCommonClasses (88ms)
	RebuildNativeTypeToScriptingClass (28ms)
	initialDomainReloadingComplete (68ms)
	LoadAllAssembliesAndSetupDomain (1461ms)
		LoadAssemblies (1009ms)
		RebuildTransferFunctionScriptingTraits (0ms)
		AnalyzeDomain (680ms)
			TypeCache.Refresh (652ms)
				TypeCache.ScanAssembly (639ms)
			BuildScriptInfoCaches (17ms)
			ResolveRequiredComponents (5ms)
	FinalizeReload (1056ms)
		ReleaseScriptCaches (0ms)
		RebuildScriptCaches (0ms)
		SetupLoadedEditorAssemblies (784ms)
			LogAssemblyErrors (0ms)
			InitializePlatformSupportModulesInManaged (52ms)
			SetLoadedEditorAssemblies (5ms)
			BeforeProcessingInitializeOnLoad (276ms)
			ProcessInitializeOnLoadAttributes (315ms)
			ProcessInitializeOnLoadMethodAttributes (107ms)
			AfterProcessingInitializeOnLoad (29ms)
			EditorAssembliesLoaded (0ms)
		ExecutionOrderSort2 (0ms)
		AwakeInstancesAfterBackupRestoration (60ms)
Start importing Library/BuildPlayer.prefs using Guid(00000000000000005000000000000000) (DefaultImporter) -> (artifact id: '083d37eb6b0e82b8f5c1ec86344d848d') in 0.0059798 seconds
Start importing Packages/com.unity.ugui/Package Resources/TMP Examples & Extras.unitypackage using Guid(bc00e25696e4132499f56528d3fed2e3) (DefaultImporter) -> (artifact id: '36912524d77e494bff28eadb6545a86b') in 0.0025731 seconds
Start importing Packages/com.unity.nuget.newtonsoft-json/Runtime/Newtonsoft.Json.pdb using Guid(7d34f3cc1c0185b4990cf748e55a8688) (DefaultImporter) -> (artifact id: '1cbc4390bbaf31a69fa104bed1286f91') in 0.003583 seconds
Start importing Packages/com.unity.ugui/Package Resources/TMP Essential Resources.unitypackage using Guid(ce4ff17ca867d2b48b5c8a4181611901) (DefaultImporter) -> (artifact id: 'c9b9d0e8e0d8a5df2fad0e13885ca7c4') in 0.0014399 seconds
Start importing Packages/com.unity.nuget.newtonsoft-json/Runtime/AOT/Newtonsoft.Json.pdb using Guid(1396f5bdc432cd247ac75b97a31e4d1a) (DefaultImporter) -> (artifact id: '54274fc98b839c9a8653151473d087b3') in 0.001067 seconds
Start importing Packages/com.unity.inputsystem/InputSystem/Editor/Icons/ChevronUp@3x.png using Guid(006305b616daf47409935f3dc8a172e2) (TextureImporter) -> (artifact id: '282ad4d10d02345ef553beeb64f81a5a') in 0.0302673 seconds
Start importing Packages/com.unity.inputsystem/InputSystem/Editor/Icons/d_ChevronDown@2x.png using Guid(0068f400a72d84c92a1b8f5889a574b2) (TextureImporter) -> (artifact id: '78e62e63fd294daa0f18259cf78e78c9') in 0.0082426 seconds
Start importing Packages/com.unity.inputsystem/InputSystem/Editor/Icons/Interactive Binding@2x.png using Guid(2027b97fd12d842d7a3169c784502a54) (TextureImporter) -> (artifact id: 'f3ec29666e1c2197608308436d14d230') in 0.0098019 seconds
Start importing Packages/com.unity.inputsystem/InputSystem/Editor/Icons/InputSystemUIInputModule@64.png using Guid(3028dc075ba8c584d9bc7d1e0255e038) (TextureImporter) -> (artifact id: '0b153d3f7a5c2aa21d611c926885697b') in 0.0069035 seconds
Start importing Packages/com.unity.inputsystem/InputSystem/Editor/Icons/InputAction.png using Guid(40265a896a0f341bb956e90c59025a29) (TextureImporter) -> (artifact id: 'a46426048c47eb3fad15e1e140cc6695') in 0.0075848 seconds
Start importing Packages/com.unity.inputsystem/InputSystem/Editor/Icons/Mouse@4x.png using Guid(a0b78c5ab9d654a9daba91ff774b4931) (TextureImporter) -> (artifact id: 'ea98dc0ada641085d3dcb869f63d7afe') in 0.0054393 seconds
Start importing Packages/com.unity.inputsystem/InputSystem/Editor/Icons/InputActionAsset.png using Guid(b025a2a0f9e554d1e88a93b5649dfc3f) (TextureImporter) -> (artifact id: '1e67cf29afa1d500e55535d44d79aa80') in 0.0062429 seconds
Start importing Packages/com.unity.inputsystem/InputSystem/Editor/AssetEditor/PackageResources/pro/propertiesBackground.png using Guid(b02e3f0c0798a4f1789a89a7697660be) (TextureImporter) -> (artifact id: '9941ef9969f93427fda9b030cd3eebf3') in 0.0071381 seconds
Start importing Packages/com.unity.inputsystem/InputSystem/Editor/AssetEditor/PackageResources/pro/foldoutBackground.png using Guid(c0996bc290ff74bf4834f4a8b7dc8c3e) (TextureImporter) -> (artifact id: 'bca57134cf9746a63d4e12eb5c4f67bd') in 0.0074416 seconds
Start importing Packages/com.unity.inputsystem/InputSystem/Editor/Icons/Axis@2x.png using Guid(d0006d51a864248adba0238883f8c71e) (TextureImporter) -> (artifact id: '6c272abb64bfdc5089dfbdbfc89a2d3d') in 0.0058818 seconds
Start importing Packages/com.unity.inputsystem/InputSystem/Editor/Icons/d_Axis@4x.png using Guid(e01ab4b854c6d4fa3a8d869b67ecd643) (TextureImporter) -> (artifact id: '318b302fb8adcf07259b42b5d7a59cb4') in 0.0059639 seconds
Start importing Packages/com.unity.ugui/Editor Resources/Textures/btn_AlignRight_Light.psd using Guid(e05ace3bd15740cda0bad60d89092a5b) (TextureImporter) -> (artifact id: '8a4449632c2b34f1c8ba88a1748e3129') in 0.0090208 seconds
Start importing Packages/com.unity.inputsystem/InputSystem/Editor/Icons/Interactive Binding.png using Guid(2196c18f03faf4184b1aeb2c61d5571d) (TextureImporter) -> (artifact id: '954c0b1ef5d52e64c87fb1fe71bb5330') in 0.0052443 seconds
Start importing Packages/com.unity.ugui/Editor Resources/Textures/btn_AlignMiddle.psd using Guid(41b96614b2e6494ba995ddcd252d11ae) (TextureImporter) -> (artifact id: '55c00b37213dc97bc73f9d8ccdb2e08f') in 0.004136 seconds
Start importing Packages/com.unity.inputsystem/InputSystem/Editor/Icons/d_Dpad@4x.png using Guid(41edf25d451a744e6ad1172a677603bd) (TextureImporter) -> (artifact id: '8bd9c091fcadf6419426b5479dc440a1') in 0.0039377 seconds
Start importing Packages/com.unity.inputsystem/InputSystem/Editor/Icons/Keyboard@3x.png using Guid(6191a40940a3e46899ecf82fa8389d01) (TextureImporter) -> (artifact id: '22d42e55116b62405e7abbc0e63c1402') in 0.0116145 seconds
Start importing Packages/com.unity.inputsystem/InputSystem/Editor/Icons/d_Mouse@3x.png using Guid(6164e492ad3164525ab8ecd9968c3a64) (TextureImporter) -> (artifact id: '8cb65a06ed516b70fa348f342c9004c3') in 0.0093752 seconds
Start importing Packages/com.unity.ugui/Editor Resources/Textures/btn_AlignCenter.psd using Guid(81ed8c76d2bc4a4c95d092c98af4e58f) (TextureImporter) -> (artifact id: '04accde65a2503a87fef5795191c2aa4') in 0.0070547 seconds
Start importing Packages/com.unity.inputsystem/InputSystem/Editor/Icons/d_Dpad@3x.png using Guid(a1b7d9ffed68a47128c5622c13ba4752) (TextureImporter) -> (artifact id: '324fb1910c72d05451a93fe5900fbc9b') in 0.0052354 seconds
Start importing Packages/com.unity.inputsystem/InputSystem/Editor/Icons/ChevronDown@4x.png using Guid(d1acbe0a708dc40dc80254764e67ecfa) (TextureImporter) -> (artifact id: 'f13b0abcc62b658ad2c5bd8eccae9305') in 0.0142802 seconds
Start importing Packages/com.unity.inputsystem/InputSystem/Editor/Icons/d_Position@3x.png using Guid(e1da124f7cbda41a4925397406076a42) (TextureImporter) -> (artifact id: 'e2ffd010606262b9c84a400545796d6e') in 0.0067519 seconds
Start importing Packages/com.unity.inputsystem/InputSystem/Editor/Icons/d_Keyboard@2x.png using Guid(f14e3a4027f834f16b235498ac15bb3f) (TextureImporter) -> (artifact id: '720727aa0af9d2919f4243fc814a7f0b') in 0.0073834 seconds
Start importing Packages/com.unity.ugui/Editor Resources/Textures/btn_AlignLeft_Light.psd using Guid(12736c98af174f91827a26b66d2b01b9) (TextureImporter) -> (artifact id: '9ebe6bc08e7974f6e61e08029d622c0c') in 0.0077442 seconds
Start importing Packages/com.unity.inputsystem/InputSystem/Editor/Icons/d_Keyboard@4x.png using Guid(123b6218ad27a41af933311ee524dcdc) (TextureImporter) -> (artifact id: 'd47de085c9cf2c752f1ff58a5c98e107') in 0.0079523 seconds
Start importing Packages/com.unity.inputsystem/InputSystem/Editor/Icons/d_Orientation@3x.png using Guid(424bff4d3ea64400e9b384cb8bebfb96) (TextureImporter) -> (artifact id: '4e8a33cd21c8bdb63d69d4de1c0e38da') in 0.0060887 seconds
Start importing Packages/com.unity.inputsystem/InputSystem/Editor/Icons/Stick.png using Guid(6234dae5cf6f04acb9a51e04d448e444) (TextureImporter) -> (artifact id: '782f51aecb77e0040f0ce7b52d4429bc') in 0.0055478 seconds
Start importing Packages/com.unity.inputsystem/InputSystem/Editor/Icons/d_Axis@3x.png using Guid(62c846073cb844a2b926e4bbd3189647) (TextureImporter) -> (artifact id: 'e0feee18ff2b33a94471bef5e7c67815') in 0.0055892 seconds
Start importing Packages/com.unity.inputsystem/InputSystem/Editor/Icons/Orientation@2x.png using Guid(62f8dda50382d487597224e197cbd34f) (TextureImporter) -> (artifact id: '11934fec91346e3e7897f17298955187') in 0.0066473 seconds
Start importing Packages/com.unity.inputsystem/InputSystem/Editor/Icons/InputControl@2x.png using Guid(62ce957ca99fe4fcba573a5b141eb113) (TextureImporter) -> (artifact id: '9bd7e440fde2134399f97cd74befbe2a') in 0.0061746 seconds
Start importing Packages/com.unity.inputsystem/InputSystem/Editor/Icons/Touch@2x.png using Guid(82073a8bfd6b8488a89b8796d500d12d) (TextureImporter) -> (artifact id: '9515793d69477645dae896e62bfc3404') in 0.0058143 seconds
Start importing Packages/com.unity.ugui/Editor Resources/Textures/btn_AlignJustified.psd using Guid(92027f7f8cfc4feaa477da0dc38d3d46) (TextureImporter) -> (artifact id: '23b1a84527542a1ef7b36ec524577196') in 0.0068979 seconds
Start importing Packages/com.unity.ugui/Editor Resources/Textures/btn_AlignLeft.psd using Guid(9288066c33474b94b6ee5465f4df1cc0) (TextureImporter) -> (artifact id: 'd842d7c2de891d74c10e92a377f23e8c') in 0.0078359 seconds
Start importing Packages/com.unity.ugui/Editor Resources/Textures/btn_AlignMidLine.psd using Guid(c2f7f6a88b4c4f20a53deb72f3d9144c) (TextureImporter) -> (artifact id: '2af6cbfbddf679ac8bdfd4f611952cd4') in 0.0057779 seconds
Start importing Packages/com.unity.inputsystem/InputSystem/Editor/Icons/Joystick.png using Guid(c28849deb3e3b45c98965e7efd26f7be) (TextureImporter) -> (artifact id: '40130bbff9e7bccbec82a65c07e2d1b9') in 0.0085789 seconds
Start importing Packages/com.unity.inputsystem/InputSystem/Editor/Icons/d_InputControl@4x.png using Guid(e2078613efd9e410c8771cbd2717f4e7) (TextureImporter) -> (artifact id: '1f25910ad7cad732f85bfeed783930b2') in 0.006294 seconds
Start importing Packages/com.unity.inputsystem/InputSystem/Editor/Icons/d_Stick@4x.png using Guid(f2fd4d7aa99c94a67a6a137fe979a760) (TextureImporter) -> (artifact id: 'c99ca987cabe418ea243693d4671802c') in 0.006627 seconds
Start importing Packages/com.unity.inputsystem/InputSystem/Editor/Icons/d_Stick@3x.png using Guid(03c3559bb64164f7785cd1250e475250) (TextureImporter) -> (artifact id: 'bfbb6f065fac337020a6f7b42eaea279') in 0.011011 seconds
Start importing Packages/com.unity.inputsystem/InputSystem/Editor/Icons/d_Button.png using Guid(0309256f03c114697813e2296f0a1f18) (TextureImporter) -> (artifact id: '70a7a9c6435dd985a3eeaa8ee02d119b') in 0.0052451 seconds
Start importing Packages/com.unity.inputsystem/InputSystem/Editor/Icons/Pen@2x.png using Guid(13fb345befe624412ac0bd0138d7bcf2) (TextureImporter) -> (artifact id: 'e6f2b1bc414d95daa97ac320b3046b28') in 0.0054768 seconds
Start importing Packages/com.unity.inputsystem/InputSystem/Editor/AssetEditor/PackageResources/blue.png using Guid(33f32142c2c2d4662be5f5274db27158) (TextureImporter) -> (artifact id: 'a750573b62dafd9f95e1b8b57be38be1') in 0.0054391 seconds
Start importing Packages/com.unity.inputsystem/InputSystem/Editor/Icons/d_Gamepad@4x.png using Guid(83438053370c84456a73f7f95ef821fb) (TextureImporter) -> (artifact id: 'bde9e2f7a51e7af789d8bb4c09f9bc1e') in 0.0052335 seconds
Start importing Packages/com.unity.inputsystem/InputSystem/Editor/Icons/d_Keyboard.png using Guid(83382fb171da648c594229ca6fa7ad94) (TextureImporter) -> (artifact id: 'e44cec5455f3375c31ff542fcd5f2a83') in 0.0049221 seconds
Start importing Packages/com.unity.inputsystem/InputSystem/Editor/Icons/Position@2x.png using Guid(a3fa73829479e4b41965e749fcca7c12) (TextureImporter) -> (artifact id: 'b65ec7915f16cda40f8d3a876a72c8eb') in 0.0054553 seconds
Start importing Packages/com.unity.ugui/Editor Resources/Textures/SectionHeader_Light.psd using Guid(e3b0f810fdea84e40ab4ba20f256f7e8) (TextureImporter) -> (artifact id: '4b6f78d90665a9122a597df12a33c486') in 0.0060097 seconds
Start importing Packages/com.unity.inputsystem/InputSystem/Editor/Icons/d_Axis.png using Guid(34f9452ba2ee14c0b9c976800caef571) (TextureImporter) -> (artifact id: '626a151a27aa18f1bedff07dea64919a') in 0.0079832 seconds
Start importing Packages/com.unity.ugui/Editor Resources/Textures/btn_AlignRight.psd using Guid(342a0f8aca7f4f0691338912faec0494) (TextureImporter) -> (artifact id: '44b1b0db5153ad6ac4aa69929da1125c') in 0.0083664 seconds
Start importing Packages/com.unity.inputsystem/InputSystem/Editor/Icons/d_Interactive Binding@3x.png using Guid(542599ad529004327a7b18f7b2a4aeb8) (TextureImporter) -> (artifact id: '98ef88d6eccf72c2273b905d2b336ccb') in 0.0060603 seconds
Start importing Packages/com.unity.ugui/Editor Resources/Textures/btn_AlignFlush_Light.psd using Guid(64b9fad609434c489c32b1cdf2004a1c) (TextureImporter) -> (artifact id: '0a36d67bc25f79df0ee9c07382ab15c5') in 0.0083409 seconds
Start importing Packages/com.unity.inputsystem/InputSystem/Editor/Icons/d_Touch.png using Guid(94fa2e214a138425e8afbbe1329e0b55) (TextureImporter) -> (artifact id: '9333f5613e5549d964040634981367e7') in 0.0055835 seconds
Start importing Packages/com.unity.inputsystem/InputSystem/Editor/AssetEditor/PackageResources/pro/actionTreeBackgroundWithoutBorder.png using Guid(943deaaee9c9347e0a455aa208526c42) (TextureImporter) -> (artifact id: 'dae422bc6b7a311c423ebb174b6e3e1a') in 0.0078621 seconds
Start importing Packages/com.unity.inputsystem/InputSystem/Editor/Icons/Joystick@3x.png using Guid(a4610f64a5a4e4625b1ddbd44b04c5a6) (TextureImporter) -> (artifact id: '5951cf30d69f90383a24b5f45bab1af9') in 0.0094656 seconds
Start importing Packages/com.unity.inputsystem/InputSystem/Editor/Icons/TrackedPoseDriver.png using Guid(a4d5a38cb01e9c54aa75431f797059cb) (TextureImporter) -> (artifact id: '4b0c6212c3672e4bf799cb2c13485b64') in 0.0065311 seconds
Start importing Packages/com.unity.inputsystem/InputSystem/Editor/Icons/d_Add Binding.png using Guid(a4bbff684804d4c84b61cd0256cd2360) (TextureImporter) -> (artifact id: '7793e8b4f948633b9bf177b258ebd0cc') in 0.0063282 seconds
Start importing Packages/com.unity.inputsystem/InputSystem/Editor/Icons/Position@3x.png using Guid(a43c2c10c85c448b584c8f2840f86915) (TextureImporter) -> (artifact id: 'e22da60d721f863e9f429cc9c9c816f7') in 0.0058328 seconds
Start importing Packages/com.unity.inputsystem/InputSystem/Editor/Icons/Stick@3x.png using Guid(a4deca3e01bf64bfc9136f4cb3b41c9f) (TextureImporter) -> (artifact id: '67ae458463ee2f8612d8302220e1ac79') in 0.0060562 seconds
Start importing Packages/com.unity.inputsystem/InputSystem/Editor/Icons/d_InputControl@2x.png using Guid(c4235c4abfa134435bd4c8c1f8fd8c56) (TextureImporter) -> (artifact id: 'bb7d711e8717096bcd943fe6fdf8e700') in 0.0059419 seconds
Start importing Packages/com.unity.inputsystem/InputSystem/Editor/AssetEditor/PackageResources/pro/actionTreeBackground.png using Guid(c4b66e31395c54087a2fbc13ae7e0f3c) (TextureImporter) -> (artifact id: 'd26335f54d31e72074c8b36e5511347d') in 0.0048798 seconds
Start importing Packages/com.unity.inputsystem/InputSystem/Editor/Icons/ChevronUp@4x.png using Guid(c4f7551c56dfb47a7a105b6579646d2f) (TextureImporter) -> (artifact id: '067eb14ff51d12c7cf84cd1ced756c18') in 0.0069984 seconds
Start importing Packages/com.unity.inputsystem/InputSystem/Editor/Icons/d_ChevronUp@4x.png using Guid(e46ad23216d074f828f3437b21912c64) (TextureImporter) -> (artifact id: '4dad555c7aea4075fff24ecfca679437') in 0.0064328 seconds
Start importing Packages/com.unity.inputsystem/InputSystem/Editor/Icons/d_Interactive Binding@4x.png using Guid(f4e6ca70dd9734da1a812be882c6364e) (TextureImporter) -> (artifact id: 'bd9ef2cfa055b33cab89d5eeb6b7981d') in 0.0068436 seconds
Start importing Packages/com.unity.inputsystem/InputSystem/Editor/Icons/Mouse@3x.png using Guid(05bbafd21bf3c4cca93cb8ddfbbd4070) (TextureImporter) -> (artifact id: '2dfa8a0652f2a2ab3133dc3fbd29aea2') in 0.0067941 seconds
Start importing Packages/com.unity.inputsystem/InputSystem/Editor/Icons/ChevronDown@2x.png using Guid(153c8e15f7f6c452ca50f6795813ed39) (TextureImporter) -> (artifact id: '682ac8205e20d51de32bbb57984d292f') in 0.0226213 seconds
Start importing Packages/com.unity.inputsystem/InputSystem/Editor/Icons/d_Position@2x.png using Guid(2552e303d22424da2ad62552efbd06e8) (TextureImporter) -> (artifact id: '5ed6220b01dc4feaf6f1e84fa11ec851') in 0.0077094 seconds
Start importing Packages/com.unity.ugui/Editor Resources/Textures/btn_AlignCenterGeo_Light.psd using Guid(35ff0937876540d3bd4b6a941df62a92) (TextureImporter) -> (artifact id: '23d447e80a5012ef19ec1bdb20ba5fc3') in 0.0069999 seconds
Start importing Packages/com.unity.inputsystem/InputSystem/Editor/Icons/d_Stick.png using Guid(55040e210fa9b426b861a26909ab4de7) (TextureImporter) -> (artifact id: 'c7a732953797b6be1d080026c216fcf1') in 0.0065704 seconds
Start importing Packages/com.unity.inputsystem/InputSystem/Editor/Icons/Gamepad@4x.png using Guid(7543bb6341c2140f292c8c852e7a3bbf) (TextureImporter) -> (artifact id: '1996ad494669cfa2d6c0a0e8835cbd03') in 0.0064058 seconds
Start importing Packages/com.unity.inputsystem/InputSystem/Editor/Icons/Add Binding.png using Guid(958a10dec4f3a4764bb345b0aa03510b) (TextureImporter) -> (artifact id: 'cc21660490486e3d4d3bb804992b7478') in 0.0050686 seconds
Start importing Packages/com.unity.inputsystem/InputSystem/Editor/Icons/d_Position.png using Guid(c5bdeae4dabac4bf19f7a1afcf5ca678) (TextureImporter) -> (artifact id: '7971f7a989e9d23305539dce9dba28e8') in 0.0044571 seconds
Start importing Packages/com.unity.inputsystem/InputSystem/Editor/Icons/Joystick@4x.png using Guid(f58c918f135bd4b8abe5fdb06bda7f4d) (TextureImporter) -> (artifact id: 'e0ad70f067b1ef32716d99020d7c4641') in 0.0076402 seconds
Start importing Packages/com.unity.inputsystem/InputSystem/Editor/Icons/Stick@4x.png using Guid(f5ace3d653812436a812bebfe7f9a242) (TextureImporter) -> (artifact id: '554bddf1d490fbf04850dd7c358bb862') in 0.0082837 seconds
Start importing Packages/com.unity.ugui/Editor Resources/Textures/btn_AlignMiddle_Light.psd using Guid(066619c9c9c84f89acb1b48c11a7efe2) (TextureImporter) -> (artifact id: 'f877ccaea4008b2f9617e1be1f2a7bc0') in 0.0077837 seconds
Start importing Packages/com.unity.inputsystem/InputSystem/Editor/Icons/d_ChevronDown.png using Guid(06ad495fb07444736b59782982d96250) (TextureImporter) -> (artifact id: '0686bc0ec3860e4a2357bb42be4691ed') in 0.0071295 seconds
Start importing Packages/com.unity.inputsystem/InputSystem/Editor/Icons/d_Mouse.png using Guid(264ffc05d7d2841d5a6065854b6282ca) (TextureImporter) -> (artifact id: 'a7f2cccaae5aef454d0eeca6d49fbd3e') in 0.007744 seconds
Start importing Packages/com.unity.inputsystem/InputSystem/Editor/Icons/Position.png using Guid(5684eb521fa99491e9061de682d1622e) (TextureImporter) -> (artifact id: '89973611931f5624f834aafd3fc6812d') in 0.0093041 seconds
Start importing Packages/com.unity.inputsystem/InputSystem/Editor/Icons/d_Gamepad.png using Guid(76dc61ff6c2d84b24b0a2ce01dc2842d) (TextureImporter) -> (artifact id: 'd97e31de4a5f93d04bd19e179e678981') in 0.0130453 seconds
Start importing Packages/com.unity.inputsystem/InputSystem/Editor/Icons/Add Binding@4x.png using Guid(862c5ca31844d4a6d9aa804af982ce65) (TextureImporter) -> (artifact id: '994a86681049ddd5adb71845e10860df') in 0.0097048 seconds
Start importing Packages/com.unity.inputsystem/InputSystem/Editor/Icons/d_Pen@2x.png using Guid(96f7582a52a6843c09e0c71617e94f2d) (TextureImporter) -> (artifact id: '1d317fd98adea11a510d16a4f5a70d49') in 0.0099418 seconds
Start importing Packages/com.unity.inputsystem/InputSystem/Editor/Icons/d_Dpad.png using Guid(b60b9eb0384c345c89435d0982a6e4fd) (TextureImporter) -> (artifact id: 'cf433de7d48a3558aee8f162841ee11a') in 0.0071732 seconds
Start importing Packages/com.unity.inputsystem/InputSystem/Editor/Icons/d_Pen@3x.png using Guid(17b3fef87d666459d860ad88452862da) (TextureImporter) -> (artifact id: '12f9fb1d633c0e7da95eee683415dca5') in 0.0066877 seconds
Start importing Packages/com.unity.inputsystem/InputSystem/Editor/Icons/Gamepad.png using Guid(17c8753d0e5e24194b06404851be7f13) (TextureImporter) -> (artifact id: 'e0f6c50a935be4c8ef980d87211fdaf7') in 0.0072678 seconds
Start importing Packages/com.unity.inputsystem/InputSystem/Editor/Icons/d_Axis@2x.png using Guid(27163f3cda5b9431d928f2b33eeb5cf1) (TextureImporter) -> (artifact id: '7c2236f743bb9ef83dbce81f3f9297d0') in 0.0081161 seconds
Start importing Packages/com.unity.inputsystem/InputSystem/Editor/Icons/d_Joystick@2x.png using Guid(27fa98be5deb54cbf9c11ffc540272b2) (TextureImporter) -> (artifact id: '1c9708071a8846cf436934c686888dc1') in 0.0061843 seconds
Start importing Packages/com.unity.inputsystem/InputSystem/Editor/AssetEditor/PackageResources/yellow.png using Guid(47cf506b4219343519083fe1c0b8fc9c) (TextureImporter) -> (artifact id: 'fac9541e7094cd5eaac66ef4986c5dc8') in 0.0057918 seconds
Start importing Packages/com.unity.inputsystem/InputSystem/Editor/Icons/ChevronUp@2x.png using Guid(57dfdce0eaf2f48a9bd9e60e920e446b) (TextureImporter) -> (artifact id: '1712c645347b05e787826fe78594744d') in 0.008493 seconds
Start importing Packages/com.unity.inputsystem/InputSystem/Editor/Icons/Keyboard@2x.png using Guid(87ae93efe5d3b4262995b0acdc987d88) (TextureImporter) -> (artifact id: '7176558239b8d07203eee741dca32779') in 0.0064397 seconds
Start importing Packages/com.unity.inputsystem/InputSystem/Editor/Icons/Mouse@2x.png using Guid(9721efa02e520488d96c36460fe7e4a6) (TextureImporter) -> (artifact id: '89d4b605483ce5fa077b19e68d85db63') in 0.0078495 seconds
Start importing Packages/com.unity.ugui/Editor Resources/Gizmos/TMP - Dropdown Icon.psd using Guid(a7ec9e7ad8b847b7ae4510af83c5d868) (TextureImporter) -> (artifact id: '44855fa574f625e149784d001310b8f1') in 0.0066127 seconds
Start importing Packages/com.unity.ugui/Editor Resources/Textures/btn_AlignCenterGeo.psd using Guid(c76700ea0062413d9f69409b4e9e151b) (TextureImporter) -> (artifact id: '7a6b614f473d4cc99f49fb2bf21c3aa9') in 0.0056649 seconds
Start importing Packages/com.unity.inputsystem/InputSystem/Editor/AssetEditor/PackageResources/pink.png using Guid(d7b144323984d4298924c65ed071dea1) (TextureImporter) -> (artifact id: '35d52f0e7c7fb87b84a9a54d19b99fb4') in 0.0046516 seconds
Start importing Packages/com.unity.inputsystem/InputSystem/Editor/Icons/Dpad@4x.png using Guid(d7073cfe15a1a48bfb7ff59225052484) (TextureImporter) -> (artifact id: 'd1c428f4b75f4dc4b82c0e32a78df178') in 0.0103222 seconds
Start importing Packages/com.unity.inputsystem/InputSystem/Editor/Icons/d_Touch@3x.png using Guid(e77ee65b5139048949dc0ac5614efeec) (TextureImporter) -> (artifact id: '78ce4acd6052aed6d7505d1cd0a189ce') in 0.0074545 seconds
Start importing Packages/com.unity.inputsystem/InputSystem/Editor/Icons/Dpad.png using Guid(e76f0489d4db34a2fbc3532e07f2848a) (TextureImporter) -> (artifact id: '5c9843496c649a379637d13d0d72233d') in 0.0085263 seconds
Start importing Packages/com.unity.inputsystem/InputSystem/Editor/Icons/InputControl@4x.png using Guid(08c99f7c2a7fa410d8567323e32ad5f5) (TextureImporter) -> (artifact id: '8dcbc86829a9d2897c2c5e554f2dcf88') in 0.0077493 seconds
Start importing Packages/com.unity.inputsystem/InputSystem/Editor/Icons/Joystick@2x.png using Guid(18e45e1f11fae429c80c200cca8e0b4c) (TextureImporter) -> (artifact id: 'b99ab873c77ef2ef2814c38f08843074') in 0.0078099 seconds
Start importing Packages/com.unity.ugui/Editor Resources/Textures/btn_AlignBaseLine_Light.psd using Guid(18775b51e3bd42299fd30bd036ea982f) (TextureImporter) -> (artifact id: 'cb253a158623195580620c35f442224f') in 0.005114 seconds
Start importing Packages/com.unity.ugui/Editor Resources/Textures/btn_AlignTop.psd using Guid(48d034c499ee4697af9dd6e327110249) (TextureImporter) -> (artifact id: '3bbd506cc1120ed8cc3aad9a4be79bb1') in 0.0073298 seconds
Start importing Packages/com.unity.inputsystem/InputSystem/Editor/Icons/Touch.png using Guid(588041e6f0efb43489b38677e0aac58f) (TextureImporter) -> (artifact id: '1f4df96e6ea0364d385f34eabde82dad') in 0.0056728 seconds
Start importing Packages/com.unity.inputsystem/InputSystem/Editor/Icons/Stick@2x.png using Guid(5881d226463a047cb8db57c9cb0ebc0f) (TextureImporter) -> (artifact id: 'bf1e08a2addf283fd08235a398df001f') in 0.0092496 seconds
Start importing Packages/com.unity.inputsystem/InputSystem/Editor/Icons/Dpad@2x.png using Guid(5806833d077654e5784b7cbf3e722f58) (TextureImporter) -> (artifact id: '5275ed8a27bb6570b48ef4b7aa93e40f') in 0.0048466 seconds
Start importing Packages/com.unity.ugui/Editor Resources/Textures/btn_AlignBottom_Light.psd using Guid(585b70cb75dd43efbfead809c30a1731) (TextureImporter) -> (artifact id: 'cdc68e6bee8c06a0713cd4a449611a9b') in 0.0067961 seconds
Start importing Packages/com.unity.inputsystem/InputSystem/Editor/Icons/ChevronDown@3x.png using Guid(985cbca1705a64c80b370afdb30b3ee7) (TextureImporter) -> (artifact id: '7460d525eeb68cf5177dbf99d51764ee') in 0.0052285 seconds
Start importing Packages/com.unity.inputsystem/InputSystem/Editor/Icons/d_ChevronUp@2x.png using Guid(a89bfcdeffde84e7ebf930d44b695435) (TextureImporter) -> (artifact id: '09c787f805cd93cd9adfb687491e3ccc') in 0.0045971 seconds
Start importing Packages/com.unity.inputsystem/InputSystem/Editor/Icons/d_Joystick@4x.png using Guid(d88596134c72c47b99d7d55583f4c6bf) (TextureImporter) -> (artifact id: '105b0607a6cf511cea325c328e475fd6') in 0.0048932 seconds
Start importing Packages/com.unity.inputsystem/InputSystem/Editor/Icons/d_Button@2x.png using Guid(0962795d1cafc460b9027de55b1c0a80) (TextureImporter) -> (artifact id: '6305916f45e7752922b21a74fed2e8f1') in 0.0051565 seconds
Start importing Packages/com.unity.inputsystem/InputSystem/Editor/Icons/d_Mouse@4x.png using Guid(1918e7bff8ff44878a0003977ca03971) (TextureImporter) -> (artifact id: '40080ce2ebc7b537b4ab45efc8ebf1a0') in 0.0070029 seconds
Start importing Packages/com.unity.inputsystem/InputSystem/Editor/Icons/d_InputControl.png using Guid(399cd90f4e31041e692a7d3a8b1aa4d0) (TextureImporter) -> (artifact id: '6feef5a0013bb34de6e71fe256e8c83f') in 0.006412 seconds
Start importing Packages/com.unity.ugui/Editor Resources/Textures/btn_AlignCapLine_Light.psd using Guid(49679f302ac6408697f6b9314a38985c) (TextureImporter) -> (artifact id: 'a4433b5130a75a7c0f7351108faead18') in 0.005678 seconds
Start importing Packages/com.unity.ugui/Editor Resources/Textures/btn_AlignFlush.psd using Guid(691475c57a824010be0c6f474caeb7e1) (TextureImporter) -> (artifact id: '91a937500db9815e2bab2c78039fc1f6') in 0.0085192 seconds
Start importing Packages/com.unity.inputsystem/InputSystem/Editor/Icons/Axis@4x.png using Guid(a940917cc397643afb071010cb2143d9) (TextureImporter) -> (artifact id: '91558596c7c521abc1b465a8cce3e503') in 0.0054854 seconds
Start importing Packages/com.unity.inputsystem/InputSystem/Editor/Icons/ChevronUp.png using Guid(a9fe7c3d19af4432b9ae2a5172f4ea72) (TextureImporter) -> (artifact id: '92a843dbb7598e0341a0e116572da775') in 0.0049828 seconds
Start importing Packages/com.unity.inputsystem/InputSystem/Editor/Icons/d_Orientation.png using Guid(c933c2bcad7ef46309fde7c1cf11b39a) (TextureImporter) -> (artifact id: 'a1e7d79170f71bb23261dc766e1a9243') in 0.0078632 seconds
Start importing Packages/com.unity.inputsystem/InputSystem/Editor/Icons/Position@4x.png using Guid(c998b283038914e699477f514ecb31ac) (TextureImporter) -> (artifact id: '78b9c8cd805aac676819328ba1a5c24e') in 0.0060246 seconds
Start importing Packages/com.unity.inputsystem/InputSystem/Editor/Icons/d_Pen@4x.png using Guid(0aec7c7bf99354f66bc2a1d18bd0b4d2) (TextureImporter) -> (artifact id: '2d993e50d75df29ee6be131df4453630') in 0.0128074 seconds
Start importing Packages/com.unity.inputsystem/InputSystem/Editor/Icons/Button.png using Guid(2a5d0a7febdc741039abf135883517e5) (TextureImporter) -> (artifact id: 'c10fc4b43a5d2e454fc4cbf7e9c5b081') in 0.007971 seconds
Start importing Packages/com.unity.inputsystem/InputSystem/Editor/Icons/Gamepad@3x.png using Guid(4ae0b2f68c2464272b1b10105262b09b) (TextureImporter) -> (artifact id: '38f150b9806e600242ab7563aeca8b85') in 0.0053392 seconds
Start importing Packages/com.unity.inputsystem/InputSystem/Editor/Icons/d_Add Binding@4x.png using Guid(4a0ce0eda6ee74c669b13104649e1313) (TextureImporter) -> (artifact id: '686a0f2af78db55f46d3ae5563cbdc21') in 0.0066839 seconds
Start importing Packages/com.unity.inputsystem/InputSystem/Editor/AssetEditor/PackageResources/personal/foldoutBackground.png using Guid(5ab69704aa4984b49bc426da72fabbed) (TextureImporter) -> (artifact id: 'ef67b1fd29ff4a04eb17abf868e4acb8') in 0.0049221 seconds
Start importing Packages/com.unity.inputsystem/InputSystem/Editor/Icons/Keyboard.png using Guid(5a5b9538c3aaa4587856e68a93a92a51) (TextureImporter) -> (artifact id: 'b5c5166f15c0e5c4bb2bb24926b88c96') in 0.0060687 seconds
Start importing Packages/com.unity.inputsystem/InputSystem/Editor/Icons/MultiplayerEventSystem@64.png using Guid(6a237171e2346e3458db37eb0f90d42b) (TextureImporter) -> (artifact id: 'e9d3113cf62bdf0c4b05d0831099fa47') in 0.0070286 seconds
Start importing Packages/com.unity.ugui/Editor Resources/Textures/btn_AlignCenter_Light.psd using Guid(6ace62d30f494c948b71d5594afce11d) (TextureImporter) -> (artifact id: 'ee89307028103c8980418d3c9702bdd6') in 0.0080763 seconds
Start importing Packages/com.unity.inputsystem/InputSystem/Editor/Icons/Touch@3x.png using Guid(9ad5d5b6a25b749e78b4950eae0a8ec2) (TextureImporter) -> (artifact id: 'bb1b5848bb9eb163270b0b84930ba20a') in 0.0087637 seconds
Start importing Packages/com.unity.inputsystem/InputSystem/Editor/Icons/Button@4x.png using Guid(aa356632480554016ab8f4200032981b) (TextureImporter) -> (artifact id: 'a66d490e6835c4c5a09ec8d987994651') in 0.0058287 seconds
Start importing Packages/com.unity.inputsystem/InputSystem/Editor/AssetEditor/PackageResources/personal/propertiesBackground.png using Guid(aa4c2360f910d46f497f75b4b6677358) (TextureImporter) -> (artifact id: '3b05bdf5abab4de62382020a03a574b3') in 0.0042275 seconds
Start importing Packages/com.unity.inputsystem/InputSystem/Editor/Icons/ChevronDown.png using Guid(ba304f5556a3a4fac98d126883083e7e) (TextureImporter) -> (artifact id: '1e6cbde7666b64d3ddb668466bc29ef0') in 0.0041175 seconds
Start importing Packages/com.unity.ugui/Editor Resources/Textures/btn_AlignBottom.psd using Guid(ca51b19024094d1b87f3e07edb0a75fb) (TextureImporter) -> (artifact id: '36f00aa8ec77d95de8993c798e11a4ab') in 0.0042542 seconds
Start importing Packages/com.unity.inputsystem/InputSystem/Editor/Icons/d_Add Binding@3x.png using Guid(ca933a91c81734ddd88b17c8481ec1e9) (TextureImporter) -> (artifact id: '0310ff43438d9abe870c7fa9db357a3f') in 0.0056693 seconds
Start importing Packages/com.unity.inputsystem/InputSystem/Editor/Icons/Interactive Binding@3x.png using Guid(cac8742b1b72b44699fd1663287ca47d) (TextureImporter) -> (artifact id: 'd13183cddcba97578b87b52d081f347b') in 0.0129875 seconds
Start importing Packages/com.unity.inputsystem/InputSystem/Editor/Icons/d_Orientation@2x.png using Guid(cae83450c8b18499c8c0239edf8bcc31) (TextureImporter) -> (artifact id: '92d901b8548b198d4eacd9c2c0d9eee6') in 0.0061856 seconds
Start importing Packages/com.unity.inputsystem/InputSystem/Editor/Icons/d_Mouse@2x.png using Guid(daa9ba527d8a34b218224b8287ce11d3) (TextureImporter) -> (artifact id: 'db1cce33fb893afd6024ca90223c79a7') in 0.0061894 seconds
Start importing Packages/com.unity.inputsystem/InputSystem/Editor/Icons/Pen.png using Guid(ea8b7319643924985a9ee4ca18b8db59) (TextureImporter) -> (artifact id: '3601d0cdada27516c189946fffc53e3a') in 0.0073989 seconds
Start importing Packages/com.unity.ugui/Editor Resources/Textures/btn_AlignJustified_Light.psd using Guid(fa6bd40a216346b783a4cce741d277a5) (TextureImporter) -> (artifact id: 'ef9377a52f518ddcfbc0557f856ef176') in 0.0075757 seconds
Start importing Packages/com.unity.inputsystem/InputSystem/Editor/Icons/Pen@3x.png using Guid(1bf9cdd4bc492489c8c7c6190785fc48) (TextureImporter) -> (artifact id: '860af791855570790ef586f66ea340ba') in 0.0064747 seconds
Start importing Packages/com.unity.inputsystem/InputSystem/Editor/Icons/d_Interactive Binding@2x.png using Guid(3b78dc1763429489c9a1c70faf4f9a0e) (TextureImporter) -> (artifact id: 'cb3d2b690ec05b1a0fc4dbbbe97b4e0a') in 0.0062186 seconds
Start importing Packages/com.unity.inputsystem/InputSystem/Editor/Icons/TrackedPoseDriver@4x.png using Guid(7b8bfaee8f8631c4789ac62373cbc2d4) (TextureImporter) -> (artifact id: 'e6c0381e51cd9b11d83915aad8a3c3f1') in 0.0056671 seconds
Start importing Packages/com.unity.inputsystem/InputSystem/Editor/Icons/Add Binding@3x.png using Guid(8be1fbf4b24de44c99840805bdae9e40) (TextureImporter) -> (artifact id: '5c771b6c108807b2c0db55bd27c0350a') in 0.0063592 seconds
Start importing Packages/com.unity.ugui/Editor Resources/Textures/btn_AlignBaseLine.psd using Guid(8bc445bb79654bf496c92d0407840a92) (TextureImporter) -> (artifact id: 'bfba965d177fd6db2d7d43a88e76d58b') in 0.0066809 seconds
Start importing Packages/com.unity.inputsystem/InputSystem/Editor/Icons/d_Dpad@2x.png using Guid(ab9b5824ece1d443aa1f3a5672d9da86) (TextureImporter) -> (artifact id: 'e2579704b29a1659efbdbc6591830ed8') in 0.0052396 seconds
Start importing Packages/com.unity.ugui/Editor Resources/Textures/btn_AlignMidline_Light.psd using Guid(bb42b2d967d6427983c901a4ffc8ecd9) (TextureImporter) -> (artifact id: 'f1cebf5db35be12413cf06ce693cdb9a') in 0.0041177 seconds
Start importing Packages/com.unity.inputsystem/InputSystem/Editor/Icons/d_Pen.png using Guid(bb42fb9342e9d4e68b6cf39a2e071d9b) (TextureImporter) -> (artifact id: '0582911c6dde805c85d5f1e98328928c') in 0.0043426 seconds
Start importing Packages/com.unity.inputsystem/InputSystem/Editor/Icons/Add Binding@2x.png using Guid(bb5fa99d6e9434c9ebf101c956021ee1) (TextureImporter) -> (artifact id: '41dd973b29a90e4299ec56ff1036151a') in 0.0072 seconds
Start importing Packages/com.unity.inputsystem/InputSystem/Editor/Icons/d_Button@4x.png using Guid(db3dc7a02ac6d4e90bbe905a44ac265b) (TextureImporter) -> (artifact id: '5669db1e4c290f5f8c03d3ec60a2c7ea') in 0.0071478 seconds
Start importing Packages/com.unity.inputsystem/InputSystem/Editor/Icons/d_Interactive Binding.png using Guid(eb28fd64eacfa495c97193108f1cdf03) (TextureImporter) -> (artifact id: '19a27ff3282a45b3e22dcd3fab47f680') in 0.0051414 seconds
Start importing Packages/com.unity.ugui/Editor Resources/Textures/SectionHeader_Dark.psd using Guid(fb5730e24283d0c489e5c7d0bee023d9) (TextureImporter) -> (artifact id: '161379d9ace8c11d8003c9635796fd24') in 0.0069595 seconds
Start importing Packages/com.unity.inputsystem/InputSystem/Editor/Icons/Orientation@4x.png using Guid(1c751eb104ad5407992e614361d5f81e) (TextureImporter) -> (artifact id: 'e7412b8599679ae03670df430b8cbda5') in 0.0070214 seconds
Start importing Packages/com.unity.inputsystem/InputSystem/Editor/Icons/Button@2x.png using Guid(1c37f00575bd6494ea726be5afee89b9) (TextureImporter) -> (artifact id: 'ddc8fb5ff24cf8880ffc3c63e94e4a6c') in 0.0097215 seconds
Start importing Packages/com.unity.inputsystem/InputSystem/Editor/Icons/Dpad@3x.png using Guid(6c1147159d9dc42948601b29dfc9a40c) (TextureImporter) -> (artifact id: '2b07e512270a365f61b23069118fd3af') in 0.0110819 seconds
Start importing Packages/com.unity.inputsystem/InputSystem/Editor/Icons/Pen@4x.png using Guid(acf10446fff184bb98db6350c2c43148) (TextureImporter) -> (artifact id: 'd39f73205a72a93046dbd5825567a4b9') in 0.0083301 seconds
Start importing Packages/com.unity.inputsystem/InputSystem/Editor/Icons/d_Position@4x.png using Guid(ac4c5ccb2785f4460b2dcfe47010c688) (TextureImporter) -> (artifact id: '5aab2e6ff26a99ce324570370249cb12') in 0.0075169 seconds
Start importing Packages/com.unity.inputsystem/InputSystem/Editor/Icons/InputControl.png using Guid(ec85de66fa5b64dd984fdcc82f8f92b3) (TextureImporter) -> (artifact id: '2375b2fd339ad9bbf8b61d7a2a6b395a') in 0.0065878 seconds
Start importing Packages/com.unity.ugui/Editor Resources/Gizmos/TMP - Sprite Asset Icon.psd using Guid(ec7c645d93308c04d8840982af12101e) (TextureImporter) -> (artifact id: '83a8c1748e8c8b88b2aa6681ffb5e1b1') in 0.0071542 seconds
Start importing Packages/com.unity.inputsystem/InputSystem/Editor/Icons/d_Joystick@3x.png using Guid(fcaa0d99df7c74f52afaa17a375dd393) (TextureImporter) -> (artifact id: '98a730512aadb93d4fd4dc5047d7ddf3') in 0.0069103 seconds
Start importing Packages/com.unity.inputsystem/InputSystem/Editor/Icons/d_ChevronDown@4x.png using Guid(0de917098a5b848b1a371e570928ce10) (TextureImporter) -> (artifact id: '005cab753ee8a2b3f644eb128f9c9bd9') in 0.0077523 seconds
Start importing Packages/com.unity.ugui/Editor Resources/Textures/btn_AlignCapLine.psd using Guid(0d9a36012a224080966c7b55896aa0f9) (TextureImporter) -> (artifact id: 'c8c22ba10e733c63e65d13742c7d0079') in 0.0088888 seconds
Start importing Packages/com.unity.inputsystem/InputSystem/Editor/Icons/d_Add Binding@2x.png using Guid(3d7dc8d6b9a96490b9aa433645712fdf) (TextureImporter) -> (artifact id: '3299ddecb893c7fb71cb8b3f8478e35b') in 0.0055215 seconds
Start importing Packages/com.unity.inputsystem/InputSystem/Editor/Icons/Gamepad@2x.png using Guid(4defb5292901c41f29313d9c9c87a7eb) (TextureImporter) -> (artifact id: '05e88a7f7c7d8248aedb796f248c57c7') in 0.0077528 seconds
Start importing Packages/com.unity.inputsystem/InputSystem/Editor/Icons/d_ChevronDown@3x.png using Guid(5d96795fd770f47d69d997b053532730) (TextureImporter) -> (artifact id: '2d5a42d7e097dded45fa8c34385ff12e') in 0.0049788 seconds
Start importing Packages/com.unity.inputsystem/InputSystem/Editor/Icons/d_Stick@2x.png using Guid(5d0b11389336d4b16b96f147c9f912e2) (TextureImporter) -> (artifact id: '0471c3b769842236cb8146765a84ca26') in 0.0043925 seconds
Start importing Packages/com.unity.inputsystem/InputSystem/Editor/Icons/d_Touch@4x.png using Guid(6db042035460c4167a6ab8d1ac3c2681) (TextureImporter) -> (artifact id: 'fa55a4c21248507c2eaf9cd2c5817524') in 0.0066809 seconds
Start importing Packages/com.unity.inputsystem/InputSystem/Editor/Icons/d_Joystick.png using Guid(7d4638131127c4f4382fb36cf16c52fe) (TextureImporter) -> (artifact id: 'd19bdf68f0d9335fa89fe5b9c1d13b15') in 0.0062357 seconds
Start importing Packages/com.unity.ugui/Editor Resources/Textures/btn_AlignTop_Light.psd using Guid(ed041e68439749a69d0efa0e3d896c2e) (TextureImporter) -> (artifact id: '0650651e4f8fbf636c914c8188325b60') in 0.0065942 seconds
Start importing Packages/com.unity.inputsystem/InputSystem/Editor/Icons/d_ChevronUp@3x.png using Guid(0efecba65ae4341a385cd5d39a2af765) (TextureImporter) -> (artifact id: '681b6f400b9f65c1e02178def91c656d') in 0.0063085 seconds
Start importing Packages/com.unity.inputsystem/InputSystem/Editor/Icons/Axis@3x.png using Guid(2e27a82b5cc4e4ef98cbef2d0b324aed) (TextureImporter) -> (artifact id: '4bf7d3e680d343ba95bba565bcf96628') in 0.0103938 seconds
Start importing Packages/com.unity.ugui/Editor Resources/Gizmos/TMP - Input Field Icon.psd using Guid(3ee40aa79cd242a5b53b0b0ca4f13f0f) (TextureImporter) -> (artifact id: '65779ae5afb715e9ef68758a161a0abd') in 0.0065655 seconds
Start importing Packages/com.unity.inputsystem/InputSystem/Editor/Icons/Touch@4x.png using Guid(6e9283a12f5b74afbba696cbb82f5e7f) (TextureImporter) -> (artifact id: '5342424b1b4e900a0ca17118ee2ed10d') in 0.0049614 seconds
Start importing Packages/com.unity.inputsystem/InputSystem/Editor/Icons/Axis.png using Guid(7e853779c8fed4ebf917a0de21c79602) (TextureImporter) -> (artifact id: 'c9599bd8f57cebefd99451b883159394') in 0.0060421 seconds
Start importing Packages/com.unity.inputsystem/InputSystem/Editor/Icons/Mouse.png using Guid(9eb2b64988cb1443cab6da5dc5300d1c) (TextureImporter) -> (artifact id: '526820765b8b657de58d458b90625b84') in 0.0095162 seconds
Start importing Packages/com.unity.inputsystem/InputSystem/Editor/Icons/d_Keyboard@3x.png using Guid(9ec4e316700da46b88741a8153b33963) (TextureImporter) -> (artifact id: 'f02b96b5c8a60a7bd13b50ea7ec87264') in 0.0086706 seconds
Start importing Packages/com.unity.inputsystem/InputSystem/Editor/Icons/d_Gamepad@3x.png using Guid(9e882b58df0964f5b90ff99cb481ee79) (TextureImporter) -> (artifact id: 'be681a7e957b60cb47797fbd20acc2bb') in 0.0057743 seconds
Start importing Packages/com.unity.inputsystem/InputSystem/Editor/Icons/Interactive Binding@4x.png using Guid(9e6c9e992a2ee4327bce1d6a8189cedb) (TextureImporter) -> (artifact id: 'c2f0ff2ff8db57027ae3478562b5a099') in 0.00551 seconds
Start importing Packages/com.unity.inputsystem/InputSystem/Editor/Icons/d_Gamepad@2x.png using Guid(bed935caee9524e6780614c2055bfd35) (TextureImporter) -> (artifact id: 'e61c939cd7dce9b559a393bc079433b7') in 0.0048282 seconds
Start importing Packages/com.unity.inputsystem/InputSystem/Editor/Icons/d_Touch@2x.png using Guid(ceaa885da02f84da195f87de12535da6) (TextureImporter) -> (artifact id: 'c377358cc81707ce2280a70deab68f0d') in 0.0049824 seconds
Start importing Packages/com.unity.inputsystem/InputSystem/Editor/AssetEditor/PackageResources/personal/actionTreeBackground.png using Guid(ce5f11cd993284c4f9c54f854bdc8c9c) (TextureImporter) -> (artifact id: '0ada4604e02de75c82aa3b27324d1b09') in 0.0082557 seconds
Start importing Packages/com.unity.inputsystem/InputSystem/Editor/Icons/d_Orientation@4x.png using Guid(de98baf415a2c4d7dbe0de74cb6e171c) (TextureImporter) -> (artifact id: 'eaa2f21054501ba8edf265dccd340f4b') in 0.0059273 seconds
Start importing Packages/com.unity.ugui/Editor Resources/Gizmos/TMP - Font Asset Icon.psd using Guid(ee148e281f3c41c5b4ff5f8a5afe5a6c) (TextureImporter) -> (artifact id: 'c3be07e37b63068a7d4495d6afda6aa5') in 0.010765 seconds
Start importing Packages/com.unity.ugui/Editor Resources/Gizmos/TMP - Text Component Icon.psd using Guid(2fd6421f253b4ef1a19526541f9ffc0c) (TextureImporter) -> (artifact id: 'b3f1dd211656c82a99dea72d5a65b181') in 0.00821 seconds
Start importing Packages/com.unity.inputsystem/InputSystem/Editor/Icons/Orientation@3x.png using Guid(5f09d534eb1414449a2758696bd4dd11) (TextureImporter) -> (artifact id: '8cfdc1bea435e1a3234afd6ea20afce7') in 0.0065552 seconds
Start importing Packages/com.unity.inputsystem/InputSystem/Editor/Icons/Keyboard@4x.png using Guid(7fc0926499f7a4500b152d45397c44a4) (TextureImporter) -> (artifact id: 'e253e715abaf2e4dabe0214d2458faf6') in 0.0047891 seconds
Start importing Packages/com.unity.inputsystem/InputSystem/Editor/Icons/Orientation.png using Guid(7fb7b46a8c63948d2b28dc394281bf5a) (TextureImporter) -> (artifact id: '99ae0704697c784fcda34feeb3d9d35f') in 0.0066572 seconds
Start importing Packages/com.unity.inputsystem/InputSystem/Editor/Icons/d_ChevronUp.png using Guid(7fad89501bb5c408e956934bf2eb8ae3) (TextureImporter) -> (artifact id: 'ab0ec6e8760f014eab52eb7ec7638c8b') in 0.0062633 seconds
Start importing Packages/com.unity.inputsystem/InputSystem/Editor/AssetEditor/PackageResources/personal/actionTreeBackgroundWithoutBorder.png using Guid(cf632ed80bf1f46c980de6b1b8b903ef) (TextureImporter) -> (artifact id: 'e1380732699c99780cc8efc7b05e4271') in 0.0074841 seconds
Start importing Packages/com.unity.inputsystem/InputSystem/Editor/Icons/TrackedPoseDriver@2x.png using Guid(ff8479815905ce84e9ef610d926f28c8) (TextureImporter) -> (artifact id: '7723e5a4070cf8c5a8c2df62ac057887') in 0.0089904 seconds
Start importing Packages/com.unity.inputsystem/InputSystem/Editor/AssetEditor/PackageResources/green.png using Guid(ffeba93637e654de6a5906b48520dc94) (TextureImporter) -> (artifact id: '7b73fd6f0b9951fd7c5f7b68c99f047d') in 0.0049623 seconds
Start importing Packages/com.unity.ugui/Editor Resources/Shaders/TMP_SDF_SSD.cginc using Guid(abe6991365a27d341a10580f3b7c0f44) (ShaderIncludeImporter) -> (artifact id: '6210c9b75bcff879a66d3acd3c6dd96f') in 0.0057372 seconds
Start importing Packages/com.unity.ugui/Editor Resources/Shaders/TMP_Properties.cginc using Guid(3c6c403084eacec478a1129ce20061ea) (ShaderIncludeImporter) -> (artifact id: '0b6510a7584c4ccb00079dbc08b3b282') in 0.0038992 seconds
Start importing Packages/com.unity.ugui/Editor Resources/Shaders/TMP_SDF Internal Editor.shader using Guid(9c442dc870b456e48b615cd8add0e9ef) (ShaderImporter)Launched and connected shader compiler UnityShaderCompiler.exe after 0.06 seconds
 -> (artifact id: '1d84de99b17eddc779fc1f69810430fa') in 0.3609654 seconds
Start importing Packages/com.unity.modules.jsonserialize/package.json using Guid(40bf3cec17fa0b49fe04443c8332d638) (PackageManifestImporter) -> (artifact id: '4c54406cdf6f27a0dfd74653ac191550') in 0.0057428 seconds
Start importing Packages/com.unity.ugui/README.md using Guid(e0ae6629cc70b514889df37fccb76832) (TextScriptImporter) -> (artifact id: '44afeb028f510a9f4544ce88fd1cf112') in 0.0045757 seconds
Start importing Packages/com.unity.inputsystem/package.json using Guid(f0e14ea80f96b445f97b1c83650d5733) (PackageManifestImporter) -> (artifact id: '48fddf01744c77e60c7b6d6bc632dfa7') in 0.0041349 seconds
Start importing Packages/com.unity.inputsystem/ValidationConfig.json using Guid(21e367e100361604f9ad6287fd367d4a) (TextScriptImporter) -> (artifact id: '2aa64b6b60eec07240cac3f4d5e04718') in 0.0044562 seconds
Start importing Packages/com.unity.ugui/package.json using Guid(319b8889f363f5947acf209c17a94149) (PackageManifestImporter) -> (artifact id: '0d56f132eb0965e68b645baebd500335') in 0.0049129 seconds
Start importing Packages/com.unity.nuget.newtonsoft-json/README.md using Guid(51bd45ca4f0f28342a12f4b0c80e9f4f) (TextScriptImporter) -> (artifact id: '48368251d4d96bf775df1340ab32befd') in 0.005746 seconds
Start importing Packages/com.unity.ext.nunit/package.json using Guid(8143d3a8390f2c64685e3bc272bd9e90) (PackageManifestImporter) -> (artifact id: 'b3b8f0f121831b39f23fd68d5d301926') in 0.005449 seconds
Start importing Packages/com.unity.inputsystem/LICENSE.md using Guid(9166eed4756114bdaa498aca2df93e19) (TextScriptImporter) -> (artifact id: '7c9d36dfdaa6173e588e0793b0d80d1c') in 0.0048469 seconds
Start importing Packages/com.unity.modules.imgui/package.json using Guid(42fe78c8fe682715a2cb531422e6ccb3) (PackageManifestImporter) -> (artifact id: 'b643c636c8e55776455f8adce1983951') in 0.004335 seconds
Start importing Packages/com.unity.inputsystem/CHANGELOG.md using Guid(a3e12f7b92d6e49c0b430ae7813c2398) (TextScriptImporter) -> (artifact id: '292d49c19d7401b83d6af63408270690') in 0.0049348 seconds
Start importing Packages/com.unity.nuget.newtonsoft-json/LICENSE.md using Guid(24efe08f95549ab4699df4c1b55703e5) (TextScriptImporter) -> (artifact id: '8501ab4fa23de162aee8e4a2c433fc59') in 0.004423 seconds
Start importing Packages/com.unity.nuget.newtonsoft-json/Third Party Notices.md using Guid(9422d9b1fde3cf644b4a0dddd10a7348) (TextScriptImporter) -> (artifact id: '5554922647665a391624980353b0a837') in 0.0042757 seconds
Start importing Packages/com.unity.ext.nunit/CHANGELOG.md using Guid(f49bbe06ffa5ae24abe32abdab430c24) (TextScriptImporter) -> (artifact id: 'fceecea86d3291d57dee7acd6734d35a') in 0.0038108 seconds
Start importing Packages/com.unity.ugui/PackageConversionData.json using Guid(05f5bfd584002f948982a1498890f9a9) (TextScriptImporter) -> (artifact id: 'd9e43e27959cd399247c69832ab9dc4f') in 0.0042335 seconds
Start importing Packages/com.unity.modules.imageconversion/package.json using Guid(953fab16d15d5885b3600fcd6388b2ad) (PackageManifestImporter) -> (artifact id: '4914195fadd462954a635b65250787ed') in 0.0048453 seconds
Start importing Packages/com.unity.nuget.newtonsoft-json/CHANGELOG.md using Guid(16f24f695cc06684991baf4b1bc6ad22) (TextScriptImporter) -> (artifact id: '096cf39e518db792a986b5a82794ade3') in 0.0036369 seconds
Start importing Packages/com.unity.test-framework/CHANGELOG.md using Guid(d691174143fd3774ba63d7c493633b99) (TextScriptImporter) -> (artifact id: '042e5d077a319e13cd83b80ccc9d2b2b') in 0.0054088 seconds
Start importing Packages/com.unity.test-framework/package.json using Guid(d6a2e6e4803de7b43baacdc355fc144d) (PackageManifestImporter) -> (artifact id: 'b4c291a7b646fefb4f0c6f571829a42c') in 0.0096096 seconds
Start importing Packages/com.unity.inputsystem/README.md using Guid(f747a892239fb40f9a9b9e2acf9929ee) (TextScriptImporter) -> (artifact id: '3ae4f911971c56e7f716f83b8485fc56') in 0.0048312 seconds
Start importing Packages/com.unity.nuget.newtonsoft-json/link.xml using Guid(a8a90c35b04530c4f971aaef6fdf3612) (TextScriptImporter) -> (artifact id: '5807b3eaf8f2b7f4cc31155895c29cd0') in 0.0059235 seconds
Start importing Packages/com.unity.ugui/CHANGELOG.md using Guid(c851bee4305bddf438cc6ffc515991ce) (TextScriptImporter) -> (artifact id: '80aa7e1c8215b9d3824af55dd65c9c21') in 0.0049786 seconds
Start importing Packages/com.unity.nuget.newtonsoft-json/package.json using Guid(f8d4e5c2f2df25449ae8c391afbe5114) (PackageManifestImporter) -> (artifact id: '1ebf05e4d0c977e753304024401e5845') in 0.0038739 seconds
Start importing Packages/com.unity.inputsystem/ValidationExceptions.json using Guid(d9fe79419851eee4e8c90f7d0f934859) (TextScriptImporter) -> (artifact id: 'bfce1f595f8b5aa26eac5d040d1745c2') in 0.0047101 seconds
Start importing Packages/com.unity.modules.audio/package.json using Guid(e9df95f53f1c1d0c9199e235d6c42b50) (PackageManifestImporter) -> (artifact id: '14bdb854ae6daae762f5873a0a889a4a') in 0.0044894 seconds
Start importing Packages/com.unity.ext.nunit/LICENSE.md using Guid(f91a00d2dca52b843b2d50ccf750737d) (TextScriptImporter) -> (artifact id: '55298590a2352299e08e2ff1f27aa1b0') in 0.0044015 seconds
Start importing Packages/com.unity.modules.physics/package.json using Guid(1a4266815e998967becf686f9c71f0a6) (PackageManifestImporter) -> (artifact id: '4fbeefd29956a8cb2b920ec02d72eda6') in 0.0044806 seconds
Start importing Packages/com.unity.inputsystem/InputSystem/Editor/ProjectWideActions/ProjectWideActionsTemplate.json using Guid(8a190d472354bb845973412ac9c5c477) (TextScriptImporter) -> (artifact id: '8830f73ccf807181142a7ab64bea514c') in 0.0054137 seconds
Start importing Packages/com.unity.inputsystem/InputSystem/Runtime/Plugins/PlayerInput/DefaultInputActions.inputactions using Guid(ca9f5fa95ffab41fb9a615ab714db018) (ScriptedImporter) -> (artifact id: '78cd38d0f328058c1e3c5cbacd790220') in 0.0414256 seconds
Start importing Packages/com.unity.modules.hierarchycore/package.json using Guid(9b1a5759726ef9d39a0ab82047b615f1) (PackageManifestImporter) -> (artifact id: '2c156e03cb13bcc2a06b8c9b0a7a8ac4') in 0.0059085 seconds
Start importing Packages/com.unity.nuget.newtonsoft-json/Runtime/AOT/Newtonsoft.Json.xml using Guid(4c5640e415edbe342bbe339175268dfc) (TextScriptImporter) -> (artifact id: 'c7e6a9d03a5641b71f38638e5a36f35f') in 0.0068799 seconds
Start importing Packages/com.unity.ugui/LICENSE.md using Guid(4d3d51749e989f747b2674e0b4d9b3d7) (TextScriptImporter) -> (artifact id: 'ae566241d6b201e35280c27d51ece7ee') in 0.0071598 seconds
Start importing Packages/com.unity.ext.nunit/README.md using Guid(5da62a0c1c5218c4aa16b74546a7822d) (TextScriptImporter) -> (artifact id: 'ebd2415c4602e9e8df3bcf5433f75a5e') in 0.0066121 seconds
Start importing Packages/com.unity.modules.androidjni/package.json using Guid(bd1af0a6633ee94ae21c7d1d702cdc12) (PackageManifestImporter) -> (artifact id: 'e8484e022b3ccedd12256bf63c408f83') in 0.0039374 seconds
Start importing Packages/com.unity.ugui/PackageConversionData_Assets.json using Guid(0e0afa652c0031c48896a97b424d027b) (TextScriptImporter) -> (artifact id: '804ed7b65d087f01b748fb71ecdd6f77') in 0.0037829 seconds
Start importing Packages/com.unity.test-framework/LICENSE.md using Guid(3ec7596410385054a9e0bc90377fbe63) (TextScriptImporter) -> (artifact id: '0186e104071661cdf600f060f6e90c25') in 0.0044429 seconds
Start importing Packages/com.unity.nuget.newtonsoft-json/Runtime/Newtonsoft.Json.xml using Guid(fed01095b990a354289891ead909238f) (TextScriptImporter) -> (artifact id: '78863cb08051e72aa4c11ab2da890b46') in 0.0064588 seconds
Start importing Packages/com.unity.modules.uielements/package.json using Guid(4f0f9b9f3ed97ad2b9ba8f1a8e4666c2) (PackageManifestImporter) -> (artifact id: 'b4bf06aa21c6a6487308088a12a0a110') in 0.0036528 seconds
Start importing Packages/com.unity.modules.ui/package.json using Guid(bfd567a3d1631a761bca9e99fa53d86d) (PackageManifestImporter) -> (artifact id: 'b6a9b41c4f747864b57f61357f87e39b') in 0.0039585 seconds
Start importing Packages/com.unity.ext.nunit/Third Party Notices.md using Guid(bfcb3ba499f7d452b92d9a9cc3378788) (TextScriptImporter) -> (artifact id: 'a0ad95160bf24b81a3492900b4dce76e') in 0.0043578 seconds
Start importing Packages/com.unity.inputsystem/InputSystem/Editor/AssetImporter/InputActionImporterEditor.uss using Guid(75f1bd16a0cc446448d0702e965aa290) (ScriptedImporter) -> (artifact id: '6c83aba038009e4eabcdc4a6fe60ddf8') in 0.0835607 seconds
Start importing Packages/com.unity.inputsystem/InputSystem/Editor/UITKAssetEditor/PackageResources/InputAssetEditorDark.uss using Guid(cca9ce0c8554d5244930f14c21489ac1) (ScriptedImporter) -> (artifact id: 'be80c8da3f71d6ce064e03d21cfeead7') in 0.0101232 seconds
Start importing Packages/com.unity.inputsystem/InputSystem/Editor/UITKAssetEditor/PackageResources/InputActionsEditorStyles.uss using Guid(7dac9c49a90bca4499371d0adc9b617b) (ScriptedImporter) -> (artifact id: '15d11ba44df598a058180aa203ccf921') in 0.0437473 seconds
Start importing Packages/com.unity.inputsystem/InputSystem/Editor/UITKAssetEditor/PackageResources/InputAssetEditorLight.uss using Guid(5e7024ed0fd03984289320d04507bc0c) (ScriptedImporter) -> (artifact id: '614b38251ea71cfe0edb9165a4e0bbf5') in 0.0118122 seconds
Start importing Packages/com.unity.inputsystem/InputSystem/Editor/UITKAssetEditor/PackageResources/ControlSchemeEditor.uxml using Guid(303ef5b13740f9a4db252c50122d2c62) (ScriptedImporter) -> (artifact id: '5700908b0f3340d048929796dfc0ef01') in 0.0661046 seconds
Start importing Packages/com.unity.inputsystem/InputSystem/Editor/UITKAssetEditor/PackageResources/BindingPanelRowTemplate.uxml using Guid(449c8e5ca27af8e4a9db710c8be5e4df) (ScriptedImporter) -> (artifact id: '4eeffcbd3a1b1a77da18f402b132e17e') in 0.0219927 seconds
Start importing Packages/com.unity.inputsystem/InputSystem/Editor/UITKAssetEditor/PackageResources/InputActionsTreeViewItem.uxml using Guid(452df07a8ad0c944c879a484d5890e61) (ScriptedImporter) -> (artifact id: '2ff3815f4cfa4c23e00c0ba6b454c9b4') in 0.0158938 seconds
Start importing Packages/com.unity.inputsystem/InputSystem/Editor/UITKAssetEditor/PackageResources/InputActionsProjectSettings.uxml using Guid(75a33987e21d5ac449deecea3dcd864f) (ScriptedImporter) -> (artifact id: '974249fad8d5fe89d29b98361dee359a') in 0.0120965 seconds
Start importing Packages/com.unity.inputsystem/InputSystem/Editor/UITKAssetEditor/PackageResources/InputActionsEditor.uxml using Guid(c662e0d3cc3c4f948808f9847f715ef2) (ScriptedImporter) -> (artifact id: '8a2671b581f1651681979ba52692c23e') in 0.0194352 seconds
Start importing Packages/com.unity.inputsystem/InputSystem/Editor/UITKAssetEditor/PackageResources/CompositeBindingPropertiesEditor.uxml using Guid(2bd2d0548382d58489e8c2999daf4139) (ScriptedImporter) -> (artifact id: '7ce01f5375573877f3fbc9fef0e49c31') in 0.0108926 seconds
Start importing Packages/com.unity.inputsystem/InputSystem/Editor/UITKAssetEditor/PackageResources/NameAndParameterListViewItemTemplate.uxml using Guid(9cbd73d51dc491b4888055ae65cd9545) (ScriptedImporter) -> (artifact id: 'cf4eff9fc641794d359820dc4aedd8f1') in 0.0073675 seconds
Start importing Packages/com.unity.inputsystem/InputSystem/Editor/UITKAssetEditor/PackageResources/CompositePartBindingPropertiesEditor.uxml using Guid(acfae125fa5d7904987a696b3993d432) (ScriptedImporter) -> (artifact id: 'a81dad3c503e4f5664610ba89ac87e82') in 0.0067335 seconds
Start importing Packages/com.unity.inputsystem/InputSystem/Editor/UITKAssetEditor/PackageResources/InputActionMapsTreeViewItem.uxml using Guid(3fa44185ed614414ebab354dfe5a06b6) (ScriptedImporter) -> (artifact id: 'f713469beadc46ddcd9a615f20918bb6') in 0.0089521 seconds
Launched and connected shader compiler UnityShaderCompiler.exe after 0.03 seconds
Launched and connected shader compiler UnityShaderCompiler.exe after 0.03 seconds
Loading style catalogs (6)
	StyleSheets/Extensions/base/common.uss
	UIPackageResources/StyleSheets/Default/Variables/Public/common.uss
	StyleSheets/Northstar/common.uss
	StyleSheets/Extensions/fonts/inter.uss
	StyleSheets/Extensions/base/dark.uss
	UIPackageResources/StyleSheets/Default/Northstar/Palette/dark.uss
Refreshing native plugins compatible for Editor in 0.41 ms, found 0 plugins.
Preloading 0 native plugins for Editor in 0.00 ms.
Asset Pipeline Refresh (id=9e2e8c1fbc9c10c4898e7580e467bd92): Total: 59.943 seconds - Initiated by InitialRefreshV2(ForceSynchronousImport)
	Summary:
		Imports: total=518 (actual=518, local cache=0, cache server=0)
		Asset DB Process Time: managed=63 ms, native=6063 ms
		Asset DB Callback time: managed=413 ms, native=23085 ms
		Scripting: domain reloads=1, domain reload time=2235 ms, compile time=28009 ms, other=71 ms
		Project Asset Count: scripts=276, non-scripts=242
		Asset File Changes: new=1707, changed=1707, moved=0, deleted=0
		Scan Filter Count: 0
	InvokeCustomDependenciesCallbacks: 0.004ms
	InvokePackagesCallback: 22551.934ms
	ApplyChangesToAssetFolders: 1.158ms
	Scan: 642.465ms
	OnSourceAssetsModified: 18.191ms
	CategorizeAssetsWithTransientArtifact: 14.296ms
	ProcessAssetsWithTransientArtifactChanges: 40.481ms
	CategorizeAssets: 9.282ms
	ImportOutOfDateAssets: 4923.434ms (-26927.118ms without children)
		ImportManagerImport: 3831.948ms (813.078ms without children)
			ImportInProcess: 3015.944ms
			UpdateCategorizedAssets: 2.926ms
		CompileScripts: 28009.029ms
		ReloadNativeAssets: 0.002ms
		UnloadImportedAssets: 0.629ms
		ReloadImportedAssets: 0.153ms
		EnsureUptoDateAssetsAreRegisteredWithGuidPM: 0.217ms
		InitializingProgressBar: 0.014ms
		PostProcessAllAssetNotificationsAddChangedAssets: 0.002ms
		OnDemandSchedulerStart: 8.559ms
	PostProcessAllAssets: 980.451ms
	Hotreload: 2.470ms
	GatherAllCurrentPrimaryArtifactRevisions: 0.316ms
	UnloadStreamsBegin: 2.066ms
	PersistCurrentRevisions: 0.857ms
	UnloadStreamsEnd: 0.006ms
	GenerateScriptTypeHashes: 1.444ms
	Untracked: 30756.065ms

Application.AssetDatabase Initial Refresh End
Scanning for USB devices : 2.489ms
Initializing Unity extensions:
[MODES] ModeService[none].Initialize
[MODES] ModeService[none].LoadModes
[MODES] Loading mode Default (0) for mode-current-id-One Lane War
Unloading 18 Unused Serialized files (Serialized files now loaded: 0)
Unloading 1223 unused Assets / (1.1 MB). Loaded Objects now: 1843.
Memory consumption went from 111.1 MB to 109.9 MB.
Total: 10.751200 ms (FindLiveObjects: 0.190800 ms CreateObjectMapping: 0.179200 ms MarkObjects: 9.096900 ms  DeleteObjects: 1.282000 ms)

[Licensing::Client] Successfully resolved entitlement details
[Licensing::Module] License group:
  Id: F4-YJKE-ZXTP-R3H2-JWDT-XXXX
  Product: Unity Personal
  Type: ULF
  Expiration: Unlimited
[Licensing::Module] License group:
  Id: 6872858344471-UnityPersXXXX
  Product: Unity Personal
  Type: Assigned
  Expiration: Unlimited
Batchmode quit successfully invoked - shutting down!
[Physics::Module] Cleanup current backend.
[Physics::Module] Id: 0xf2b8ea05
Input System module state changed to: ShutdownInProgress.
Input System polling thread exited.
Input System module state changed to: Shutdown.
[Licensing::IpcConnector] LicenseClient-Andrej-notifications channel disconnected successfully.
[Licensing::IpcConnector] LicenseClient-Andrej channel disconnected successfully.
AcceleratorClientConnectionCallback - disconnected - :0
Cleanup mono
Exiting batchmode successfully now!
Exiting without the bug reporter. Application will terminate with return code 0